id,kind,qa_id,path_id,question,reference_answer,model_answer,exact_match,token_f1,rouge_l,refusal,empty,invalid,answer_words,latency_ms,failure_category,error
"exact_01","exact_sft","qa_000938","direct_notebook_chat","Could you tell me what leave, absence, or emergency procedures are described during industrial training?","Leave taken during Industrial Training usually has to be replaced unless the company states that replacement is not possible. Approved sick leave does not need to be replaced, but the medical certificate and the company supervisor's approval must be included in the logbook.","The industrial training handbook states that students must notify their institution immediately in case of any leave, absence, or emergency during the training period. Students are required to provide a written explanation and supporting documents, if applicable, to the Training Coordinator. Prolonged absences may result in the suspension or termination of the training placement.","0","0.3061","0.2041","false","false","false","54","3153","fail_low_f1",""
"exact_02","exact_sft","qa_000744","direct_notebook_chat","Could you tell me what graduate capabilities or professional strengths does Master of Software Engineering (Software Technology) aim to develop?","The programme is designed to develop advanced software engineering knowledge, strong real-world problem-solving ability, capability in designing, building, verifying, validating, and managing quality software systems, mathematical and analytical competence across the software development life cycle, teamwork and communication skills, leadership, innovation, and professional ethics.","The Master of Software Engineering (Software Technology) programme aims to develop graduate capabilities and professional strengths such as advanced technical skills in software engineering, systems design, and software development methodologies. It also focuses on enhancing problem-solving abilities, critical thinking, and innovation in software technology. Graduates are expected to demonstrate leadership, ethical practice, and the ability to apply theoretical knowledge to real-world software challenges.","0","0.4865","0.2523","false","false","false","65","2021","fail_low_f1",""
"exact_03","exact_sft","qa_000747","direct_notebook_chat","Could you tell me what academic or administrative conditions are highlighted under candidature requirements for Master of Software Engineering (Software Technology)?","The candidature requirements include Fulfil the minimum candidature duration of 4 semesters.; Fulfil the University language requirement (Bahasa Malaysia and English) not later than the second (2nd) semester of candidature.; Fulfil the residential requirement of 6 months.; Proposal Defence at the beginning of the research component registration.; Present research progress in a Candidature Defence session as required by the Faculty.","The candidature requirements for the Master of Software Engineering (Software Technology) at the Faculty of Computer Science and Information Technology, Universiti Malaya, highlight the following academic and administrative conditions: 1. A bachelor's degree with a minimum Second Class Honours (Upper Division) or equivalent in a relevant discipline, such as Computer Science, Software Engineering, Information Technology, or a related field. 2. Relevant work experience may be considered in lieu of, or in addition to, the academic qualification, subject to approval by the Programme Director. 3. Proficiency in English, demonstrated through a minimum TOEFL iBT score of 550 (paper-based) or 80 (internet-based), or IELTS Academic Band Score of 6.0, or equivalent. 4. Submission of","0","0.2727","0.1591","false","false","false","116","3356","fail_low_f1",""
"exact_04","exact_sft","qa_000004","direct_notebook_chat","What is the academic calendar for master and doctorate level in session 2025/2026?","The 2025/2026 master and doctorate academic calendar with Semester I, Semester II, and a special semester, covering orientation, lecture periods, mid-semester breaks, revision weeks, final examinations, and semester breaks. Semester I: Orientation (WOW) 05.10.2025-12.10.2025; lectures 13.10.2025-23.11.2025 and 01.12.2025-25.01.2026; mid-semester break 24.11.2025-30.11.2025; revision week 26.01.2026-01.02.2026; final examination 02.02.2026-22.02.2026; semester break 23.02.2026-08.03.2026. Semester II: lectures 09.03.2026-26.04.2026 and 04.05.2026-21.06.2026; break 27.04.2026-03.05.2026; revision week 22.06.2026-28.06.2026; final examination 29.06.2026-19.07.2026; semester break 20.07.2026-16.08.2026. Special semester: lectures 27.07.2026-13.09.2026; final examination 14.09.2026-20.09.2026; break 21.09.2026-28.09.2026. Public holidays listed include Deepavali, Christmas, New Year, Thaipusam, Federal Territory Day, Chinese New Year, Nuzul Al-Quran, Eidul Fitri, Labour Day, Eidul Adha, Wesak Day, His Majesty the King's Birthday, Awal Muharram, Prophet Muhammad's Birthday, National Day, and Malaysia Day. The notes state that the module registration and examination schedule can be referred to in the UM system guide, the calendar is subject to change, and UM PG iFest 2026 is scheduled for 09-11 June 2026.","The academic calendar for master and doctorate levels for the session 2025/2026 at the Faculty of Computer Science and Information Technology, Universiti Malaya, follows the standard semester system with two semesters per academic year: Semester I (August to December) and Semester II (January to June). Specific dates for registration, coursework, examinations, and graduation are announced annually in the official academic calendar published by the university. For precise dates, please refer to the official academic calendar on the Faculty's website or contact the Academic Office.","0","0.2031","0.1046","false","false","false","86","2526","fail_low_f1",""
"exact_05","exact_sft","qa_000916","direct_notebook_chat","Hey, what elective focus areas are represented under specialization elective courses - computer system and network?","The specialization elective section is intended to show the elective pool available for that track. Students should use it as a selection list of approved elective options, checking the course code, title, credits, and semester/level planning shown in the curriculum table before choosing courses.","The specialization elective courses in Computer System and Network include focus areas such as Distributed Systems, Network Security, Cloud Computing, and High Performance Computing.","0","0.2029","0.1449","false","false","false","24","1224","fail_low_f1",""
"exact_06","exact_sft","qa_000165","direct_notebook_chat","What is stated about the VLSI Research Lab and its access conditions?","The VLSI Research Lab is located on the second floor of Block B as an open-concept lab restricted to students from a specific field. All students can use its space and facilities with permission.","The VLSI Research Lab is available to students and faculty members who are enrolled in relevant courses or research projects related to Very Large Scale Integration. Access to the lab requires prior approval from the lab supervisor and adherence to the lab's operational guidelines as outlined in the Faculty Handbook.","0","0.2791","0.2093","false","false","false","51","1633","fail_low_f1",""
"exact_07","exact_sft","qa_000453","direct_notebook_chat","Real quick, what courses and course contents are listed for Master of Software Engineering (Software Technology)?","The listed core courses are WOX7001 Research Methodology, WOC7004 Architecting Software Systems, WOC7014 Framework Based Software Design and Development, WOC7015 Software Verification and Validation, WOC7016 Software Project Management, and dissertation components. The elective list includes WOC7017 Big Data Processing, WOC7018 Requirements Engineering, WOC7019 User Experience Design Studio, WOC7020 Advanced Internet of Things, WOA7015 Advanced Machine Learning, and WOA7017 Security Risk Analysis and Evaluation. The handbook also includes important dissertation rules on eligibility, repeat registration until completion, and supervisor appointment.","The Master of Software Engineering (Software Technology) program at the Faculty of Computer Science and Information Technology, Universiti Malaya includes the following courses and course contents: 1. **Advanced Software Engineering** – Focuses on advanced software development methodologies, software architecture, and quality assurance. 2. **Software Testing and Quality Assurance** – Covers testing strategies, quality metrics, and assurance techniques in software development. 3. **Software Project Management** – Explores project planning, risk management, and team leadership in software projects. 4. **Software Engineering Research Methods** – Introduces research methodologies, literature review, and academic writing for software engineering research. 5. **Distributed Systems and Cloud Computing** – Examines distributed systems, cloud computing architectures, and their applications in software engineering. 6. **Software","0","0.2751","0.1587","false","false","false","110","3288","fail_low_f1",""
"exact_08","exact_sft","qa_000939","direct_notebook_chat","Could you explain how are placements approved or verified by the faculty before industrial training begins?","Before training begins, students must attend the required briefing and preparatory workshops, choose one placement, obtain an offer letter that states the training dates, general tasks, and department placement, email that offer letter to the Industrial Training Department Coordinator for approval, and register the internship placement in Maya and the career portal with the required documents.","Placements are approved or verified by the Faculty of Computer Science and Information Technology through a formal process outlined in the Industrial Training Handbook. Students must submit a placement proposal, including the name of the organization, job description, and supervisor details. The proposal is reviewed and approved by the Industrial Training Coordinator, ensuring the placement meets academic and professional standards. Verification is conducted via a site visit or confirmation from the organization’s supervisor, as specified in the handbook.","0","0.2815","0.237","false","false","false","79","2207","fail_low_f1",""
"exact_09","exact_sft","qa_001006","direct_notebook_chat","So basically, how can students interpret their results using the official university grading scheme?","Students interpret their results by referring to the official grading table, which links the marks obtained to a grade, a grade point, and the corresponding academic interpretation.","Students can interpret their results by referring to the official university grading scheme provided in the Academic Handbook. Each grade corresponds to a specific range of marks, and the description of each grade outlines the level of performance expected. For example, a grade of ""A"" typically indicates excellent performance, while a grade of ""D"" indicates satisfactory performance. Students should consult the specific grading scale in the Academic Handbook for accurate interpretation of their results.","0","0.4158","0.3762","false","false","false","74","2118","fail_low_f1",""
"exact_10","exact_sft","qa_000963","direct_notebook_chat","Could you tell me what deliverables are required for Academic Project II besides the written report?","Besides the written report, Academic Project II requires project-progress documentation and submission materials through the ilmiah system for viva and final assessment, including items such as the progress logbook, presentation materials, and other required project submissions.","The deliverables required for Academic Project II, besides the written report, include the project proposal, progress report, oral presentation, and a working prototype or product, as specified in the Faculty Handbook.","0","0.4706","0.2647","false","false","false","31","1399","fail_low_f1",""
"exact_11","exact_sft","qa_000664","direct_notebook_chat","Quick one: which teaching labs mention Windows Active Directory, Windows 10, or direct Internet access?","MM1, MM2, MM3, MM4, MM6, and the Postgraduate Lab are connected to Windows Active Directory servers and the Internet, while Stroustrup Lab 1 and Stroustrup Lab 2 are described as Internet-connected labs. Windows 10 is specifically mentioned for MM1, MM2, MM6, and Stroustrup Lab 1.","The teaching labs at the Faculty of Computer Science and Information Technology, Universiti Malaya, that mention Windows Active Directory, Windows 10, or direct Internet access are: - Lab 101 - Lab 102 - Lab 103 - Lab 104 - Lab 105 - Lab 106 - Lab 107 - Lab 108 - Lab 109 - Lab 110 These labs are specified in the Faculty's Computing Facilities Handbook as providing the mentioned technologies.","0","0.3333","0.1852","false","false","false","62","2727","fail_low_f1",""
"exact_12","exact_sft","qa_000795","direct_notebook_chat","Could you tell me what admission background or entry qualifications are described for Master of Computer Science (By Research)?","The handbook describes the admission background and entry qualifications for the programme, focusing on the applicant's prior computing-related academic preparation and the faculty's programme admission criteria.","The Master of Computer Science (By Research) programme at the Faculty of Computer Science and Information Technology, Universiti Malaya requires applicants to hold a relevant bachelor's degree with a minimum Second Class Upper (2A) or equivalent. Applicants must also demonstrate research potential through a statement of purpose, academic transcripts, and letters of recommendation. Additionally, a research proposal aligned with the faculty's research areas is required.","0","0.2083","0.1875","false","false","false","67","2048","fail_low_f1",""
"exact_13","exact_sft","qa_000907","direct_notebook_chat","Quick one: what's the role of university courses within the shared undergraduate curriculum?","Within the shared undergraduate curriculum, the university courses provide common institutional and general-education requirements that all students complete alongside faculty and programme-specific courses.","University courses within the shared undergraduate curriculum provide foundational knowledge and skills that are common to all students, regardless of their chosen major or program. These courses ensure a broad-based education, promote interdisciplinary understanding, and support the development of critical thinking, communication, and analytical skills. They also contribute to fulfilling the university's educational mission by fostering a well-rounded academic experience.","0","0.3864","0.25","false","false","false","63","1886","fail_low_f1",""
"exact_14","exact_sft","qa_000694","direct_notebook_chat","Ngl, how is Internet access in the faculty building described for students?","Wi-Fi Internet access is provided to students on every floor in each building, and students must follow the rules and regulations for using these facilities.","The faculty building provides wired and wireless Internet access throughout the premises, including classrooms, laboratories, and common areas, to support academic and research activities for students and staff.","0","0.3333","0.2222","false","false","false","28","1281","fail_low_f1",""
"exact_15","exact_sft","qa_000218","direct_notebook_chat","What academic or administrative conditions are highlighted under candidature requirements for Master of Software Engineering (Software Technology)?","The candidature requirements include Fulfil the minimum candidature duration of 4 semesters.; Fulfil the University language requirement (Bahasa Malaysia and English) not later than the second (2nd) semester of candidature.; Fulfil the residential requirement of 6 months.; Proposal Defence at the beginning of the research component registration.; Present research progress in a Candidature Defence session as required by the Faculty.","The candidature requirements for the Master of Software Engineering (Software Technology) at the Faculty of Computer Science and Information Technology, Universiti Malaya, highlight the following academic and administrative conditions: 1. A bachelor’s degree with a minimum Second Class Honours (Upper Division) or equivalent in a relevant discipline. 2. Relevant work experience in software engineering or a related field, where applicable. 3. Submission of a research proposal outlining the intended area of study. 4. Proof of English language proficiency, where required. 5. Completion of all pre-requisite courses, if applicable. 6. Compliance with the Faculty’s academic regulations, including attendance and coursework requirements.","0","0.319","0.1963","false","false","false","103","2938","fail_low_f1",""
"exact_16","exact_sft","qa_000371","direct_notebook_chat","How are plagiarism checking and originality expectations enforced in the academic project?","Students are expected to produce original work and that plagiarism in the academic project may result in disciplinary action under the University of Malaya rules.","Plagiarism checking and originality expectations in academic projects at the Faculty of Computer Science and Information Technology, Universiti Malaya, are enforced through the use of plagiarism detection software such as Turnitin. All submitted academic projects are subjected to plagiarism checks as part of the assessment process. Originality is expected to be maintained through proper citation and acknowledgment of sources, in accordance with the university's academic integrity policies. Any instance of plagiarism is dealt with according to the university's guidelines on academic misconduct.","0","0.2385","0.1651","false","false","false","84","2341","fail_low_f1",""
"exact_17","exact_sft","qa_000387","direct_notebook_chat","What policy links, regulations, or university rule documents are referenced for undergraduate students?","The undergraduate rules section refers students to the University of Malaya Bachelor's Degree rules and regulations, together with related university policy and administrative references.","The following policy links, regulations, or university rule documents are referenced for undergraduate students at Universiti Malaya: 1. **University Regulation 2020** – Governs general academic policies, including admission, registration, and degree requirements. 2. **Academic Regulations** – Outlines specific academic policies such as credit hours, grading systems, and academic calendar. 3. **Student Handbook** – Provides comprehensive information on student rights, responsibilities, and conduct. 4. **Code of Conduct for Students** – Details behavioural expectations and disciplinary procedures. 5. **Policy on Academic Integrity** – Addresses issues related to plagiarism, cheating, and other forms of academic misconduct. 6. **Policy on Withdrawal and Leave of Absence** – Governs procedures for withdrawing from courses or taking a leave of","0","0.2121","0.1364","false","false","false","107","3318","fail_low_f1",""
"exact_18","exact_sft","qa_000170","direct_notebook_chat","What facilities and research focus are described for the Robotedge AI Robotic Lab?","The Robotedge AI Robotic Lab, previously known as the Natural Language Processing Lab, is equipped for AI robotics research and development, especially in environmental, home services, and search-and-rescue areas.","The Robotedge AI Robotic Lab is equipped with state-of-the-art facilities including advanced robotics workstations, sensor integration systems, and high-performance computing resources. The lab's research focus includes AI-driven robotic systems, autonomous navigation, human-robot interaction, and intelligent control mechanisms.","0","0.3733","0.2667","false","false","false","44","1638","fail_low_f1",""
"exact_19","exact_sft","qa_000381","direct_notebook_chat","What dress expectations are illustrated for official events?","For official events, the poster illustrates formal attire, including suit-style clothing and traditional formal wear, to convey a neat and official appearance appropriate for formal university occasions.","The handbook specifies that for official events, attire should be formal and professional, typically consisting of a suit or equivalent smart clothing, with conservative and modest styling. Specific guidelines may vary depending on the nature of the event, but generally, men are expected to wear tailored suits and dress shirts, while women are expected to wear business suits or elegant dresses. Accessories and footwear should be appropriate and conservative.","0","0.2887","0.2268","false","false","false","69","2006","fail_low_f1",""
"exact_20","exact_sft","qa_000862","direct_notebook_chat","Hey, is Bachelor of Computer Science (Artificial Intelligence) listed among the undergraduate programmes offered by the faculty?","Yes. Bachelor of Computer Science (Artificial Intelligence) is listed among the faculty's six undergraduate programmes.","Yes, the Bachelor of Computer Science (Artificial Intelligence) is listed among the undergraduate programmes offered by the Faculty of Computer Science and Information Technology, Universiti Malaya.","0","0.6667","0.619","false","false","false","26","1314","partial_low_f1",""
"exact_21","exact_sft","qa_000658","direct_notebook_chat","Real quick, what facilities and student access are described for Micro Lab 4 (MM4)?","Micro Lab 4 (MM4) has 60 computer units connected to Windows Active Directory servers and the Internet, and it is open to undergraduate and postgraduate students.","Micro Lab 4 (MM4) provides access to microprocessor development tools, including programmable logic devices, breadboards, and oscilloscopes. It is equipped for hands-on experimentation with microcontroller-based systems and digital circuit design. Student access is restricted to registered users with valid lab schedules.","0","0.2899","0.2609","false","false","false","43","1709","fail_low_f1",""
"exact_22","exact_sft","qa_000472","direct_notebook_chat","Could you list the programme goals, objectives, or learning outcomes for Master of Artificial Intelligence?","The programme educational objectives focus on applying artificial intelligence techniques both theoretically and practically, contributing AI skills to sustainable development and societal well-being, and demonstrating professional attitudes and ethics in producing science and technology solutions. The learning outcomes emphasise mastery of AI knowledge, recommending innovative AI solutions, evaluating AI tools for usability and effectiveness, communicating and presenting technical materials, using tools and techniques to design and validate AI-related knowledge, leadership and teamwork, lifelong learning with an entrepreneurial mindset, and professional ethics in research and service.","The **Master of Artificial Intelligence** programme at the Faculty of Computer Science and Information Technology, Universiti Malaya, aims to equip students with advanced knowledge and practical skills in artificial intelligence (AI) and its applications. The programme goals, objectives, and learning outcomes are as follows: ### **Programme Goals:** 1. To provide advanced theoretical and practical training in AI and related technologies. 2. To develop research and analytical skills in AI applications. 3. To prepare graduates for careers in AI research, development, and innovation. ### **Programme Objectives:** 1. To enable students to understand and apply advanced concepts in AI, machine learning, and computational intelligence. 2. To foster critical thinking and problem-solving skills in AI-related challenges. 3. To promote interdisciplinary knowledge integration between AI and","0","0.3923","0.2201","false","false","false","122","3287","fail_low_f1",""
"exact_23","exact_sft","qa_000962","direct_notebook_chat","Could you tell me what deliverables are required for Academic Project I besides the written report?","Besides the written report, Academic Project I requires project-progress documentation and submission materials through the ilmiah system for monitoring, including items such as the progress logbook and presentation materials when required by the process.","The deliverables required for Academic Project I, besides the written report, include: - A project proposal - A progress report - A presentation - A binding portfolio - A peer evaluation form - A reflection journal","0","0.4","0.2154","false","false","false","30","1494","fail_low_f1",""
"exact_24","exact_sft","qa_000955","direct_notebook_chat","Real quick, what implementation, development, or completion requirements apply in Academic Project II?","Academic Project II focuses on implementation and completion. The report extends Academic Project I by including detailed system analysis and design, system development, results and discussion, strengths, limitations and future work, together with the completed report structure such as abstract, introduction, references, appendices, and acknowledgment.","The implementation, development, or completion requirements for Academic Project II include the submission of a project report, presentation, and a working prototype or deliverable as specified in the course handbook. The project must demonstrate application of knowledge and skills acquired in the program.","0","0.2955","0.1818","false","false","false","43","1560","fail_low_f1",""
"exact_25","exact_sft","qa_000105","direct_notebook_chat","What is the process flow for Academic Project II?","The handbook presents Academic Project as a staged process covering topic or title approval, supervision, progress monitoring, submission through the ilmiah system, viva or evaluation sessions, and final report completion across Academic Project I and Academic Project II.","The process flow for Academic Project II involves the following steps: 1. Project proposal submission. 2. Approval by the supervisor and department. 3. Conducting the project research and development. 4. Regular progress meetings with the supervisor. 5. Submission of the final report and presentation. 6. Evaluation and feedback from the supervisor and panel. 7. Final approval and certification.","0","0.3333","0.2292","false","false","false","58","2058","fail_low_f1",""
"paraphrase_01","paraphrase","qa_000938","direct_notebook_chat","Please explain this handbook question: Could you tell me what leave, absence, or emergency procedures are described during industrial training?","Leave taken during Industrial Training usually has to be replaced unless the company states that replacement is not possible. Approved sick leave does not need to be replaced, but the medical certificate and the company supervisor's approval must be included in the logbook.","The handbook states that during industrial training, students must notify their institution immediately in case of any leave, absence, or emergency. Students are required to provide a written explanation and obtain approval from the Industrial Training Office before taking any leave. In case of emergencies, students should inform their supervisor and the Industrial Training Office as soon as possible.","0","0.3301","0.1748","false","false","false","59","1806","fail_low_f1",""
"paraphrase_02","paraphrase","qa_000744","direct_notebook_chat","In simple terms, could you tell me what graduate capabilities or professional strengths does Master of Software Engineering (Software Technology) aim to develop?","The programme is designed to develop advanced software engineering knowledge, strong real-world problem-solving ability, capability in designing, building, verifying, validating, and managing quality software systems, mathematical and analytical competence across the software development life cycle, teamwork and communication skills, leadership, innovation, and professional ethics.","The Master of Software Engineering (Software Technology) aims to develop graduate capabilities in software design, development, and management, with a focus on advanced programming, software architecture, and technology innovation. It also emphasizes problem-solving, analytical thinking, and professional ethics in software engineering practice.","0","0.427","0.2697","false","false","false","43","1626","fail_low_f1",""
"paraphrase_03","paraphrase","qa_000747","direct_notebook_chat","For a student, could you tell me what academic or administrative conditions are highlighted under candidature requirements for Master of Software Engineering (Software Technology)?","The candidature requirements include Fulfil the minimum candidature duration of 4 semesters.; Fulfil the University language requirement (Bahasa Malaysia and English) not later than the second (2nd) semester of candidature.; Fulfil the residential requirement of 6 months.; Proposal Defence at the beginning of the research component registration.; Present research progress in a Candidature Defence session as required by the Faculty.","The candidature requirements for the Master of Software Engineering (Software Technology) at the Faculty of Computer Science and Information Technology, Universiti Malaya, highlight the following academic and administrative conditions: 1. A bachelor's degree with a minimum Second Class Honours (Upper Division) or equivalent in a relevant discipline. 2. Relevant work experience may be considered in lieu of a degree, subject to approval. 3. Proficiency in English, demonstrated through a minimum IELTS score of 6.0 (with no band below 5.5) or equivalent. 4. Submission of a research proposal or statement of purpose outlining the intended area of study. 5. Approval of the proposed research topic by the supervisory panel. 6. Maintenance of satisfactory academic progress as defined in the Faculty's candidature guidelines","0","0.3351","0.227","false","false","false","125","3314","fail_low_f1",""
"paraphrase_04","paraphrase","qa_000004","direct_notebook_chat","Could you summarize this: What is the academic calendar for master and doctorate level in session 2025/2026?","The 2025/2026 master and doctorate academic calendar with Semester I, Semester II, and a special semester, covering orientation, lecture periods, mid-semester breaks, revision weeks, final examinations, and semester breaks. Semester I: Orientation (WOW) 05.10.2025-12.10.2025; lectures 13.10.2025-23.11.2025 and 01.12.2025-25.01.2026; mid-semester break 24.11.2025-30.11.2025; revision week 26.01.2026-01.02.2026; final examination 02.02.2026-22.02.2026; semester break 23.02.2026-08.03.2026. Semester II: lectures 09.03.2026-26.04.2026 and 04.05.2026-21.06.2026; break 27.04.2026-03.05.2026; revision week 22.06.2026-28.06.2026; final examination 29.06.2026-19.07.2026; semester break 20.07.2026-16.08.2026. Special semester: lectures 27.07.2026-13.09.2026; final examination 14.09.2026-20.09.2026; break 21.09.2026-28.09.2026. Public holidays listed include Deepavali, Christmas, New Year, Thaipusam, Federal Territory Day, Chinese New Year, Nuzul Al-Quran, Eidul Fitri, Labour Day, Eidul Adha, Wesak Day, His Majesty the King's Birthday, Awal Muharram, Prophet Muhammad's Birthday, National Day, and Malaysia Day. The notes state that the module registration and examination schedule can be referred to in the UM system guide, the calendar is subject to change, and UM PG iFest 2026 is scheduled for 09-11 June 2026.","The academic calendar for master and doctorate levels in the 2025/2026 session at the Faculty of Computer Science and Information Technology, Universiti Malaya, follows the standard semester system, with two semesters per academic year: Semester I (August–December) and Semester II (January–June). Specific dates for course registration, examinations, and other academic activities are announced annually in the official academic calendar.","0","0.1927","0.1063","false","false","false","62","2148","fail_low_f1",""
"paraphrase_05","paraphrase","qa_000916","direct_notebook_chat","What should I know about this handbook topic: Hey, what elective focus areas are represented under specialization elective courses - computer system and network?","The specialization elective section is intended to show the elective pool available for that track. Students should use it as a selection list of approved elective options, checking the course code, title, credits, and semester/level planning shown in the curriculum table before choosing courses.","The specialization elective courses in Computer System and Network include focus areas such as Distributed Systems, Network Security, Cloud Computing, and High Performance Computing. These electives are designed to provide in-depth knowledge and skills in specific domains within computer systems and networks.","0","0.1818","0.1364","false","false","false","43","1574","fail_low_f1",""
"paraphrase_06","paraphrase","qa_000165","direct_notebook_chat","Please explain this handbook question: What is stated about the VLSI Research Lab and its access conditions?","The VLSI Research Lab is located on the second floor of Block B as an open-concept lab restricted to students from a specific field. All students can use its space and facilities with permission.","The handbook states that the VLSI Research Lab is available for use by registered students and faculty members of the Faculty of Computer Science and Information Technology, Universiti Malaya. Access to the lab is subject to prior approval from the lab supervisor and adherence to the lab's rules and regulations.","0","0.3023","0.2558","false","false","false","51","1690","fail_low_f1",""
"paraphrase_07","paraphrase","qa_000453","direct_notebook_chat","In simple terms, real quick, what courses and course contents are listed for Master of Software Engineering (Software Technology)?","The listed core courses are WOX7001 Research Methodology, WOC7004 Architecting Software Systems, WOC7014 Framework Based Software Design and Development, WOC7015 Software Verification and Validation, WOC7016 Software Project Management, and dissertation components. The elective list includes WOC7017 Big Data Processing, WOC7018 Requirements Engineering, WOC7019 User Experience Design Studio, WOC7020 Advanced Internet of Things, WOA7015 Advanced Machine Learning, and WOA7017 Security Risk Analysis and Evaluation. The handbook also includes important dissertation rules on eligibility, repeat registration until completion, and supervisor appointment.","The Master of Software Engineering (Software Technology) program at Universiti Malaya includes courses such as Software Engineering Principles, Software Requirements Engineering, Software Design and Architecture, Software Testing and Quality Assurance, Software Project Management, and Software Engineering Research Methods. The course content focuses on software development lifecycle, software architecture, quality assurance, and research methodologies in software engineering.","0","0.3111","0.237","false","false","false","56","1871","fail_low_f1",""
"paraphrase_08","paraphrase","qa_000939","direct_notebook_chat","For a student, could you explain how are placements approved or verified by the faculty before industrial training begins?","Before training begins, students must attend the required briefing and preparatory workshops, choose one placement, obtain an offer letter that states the training dates, general tasks, and department placement, email that offer letter to the Industrial Training Department Coordinator for approval, and register the internship placement in Maya and the career portal with the required documents.","According to the Faculty of Computer Science and Information Technology, Universiti Malaya (FKT, UM), placements for industrial training are approved and verified through the following process: 1. The student submits a placement proposal, including the name of the organisation, position, and duration of the training. 2. The proposal is reviewed and approved by the Industrial Training Office (ITO) in collaboration with the student’s programme coordinator. 3. The organisation must be pre-approved by the Faculty, ensuring it meets the academic and ethical standards set by the Faculty. 4. A formal agreement is signed between the student, the organisation, and the Faculty. 5. Before the training begins, the student must submit proof of placement confirmation from the organisation to the ITO for final verification.","0","0.2667","0.1667","false","false","false","124","3194","fail_low_f1",""
"paraphrase_09","paraphrase","qa_001006","direct_notebook_chat","Could you summarize this: So basically, how can students interpret their results using the official university grading scheme?","Students interpret their results by referring to the official grading table, which links the marks obtained to a grade, a grade point, and the corresponding academic interpretation.","Students should refer to the official university grading scheme provided in the academic handbook to interpret their results. Each grade corresponds to a specific range of marks, and the description of each grade outlines the level of performance expected. Students should match their obtained marks to the relevant grade descriptor to understand their academic achievement.","0","0.439","0.2927","false","false","false","55","1705","fail_low_f1",""
"paraphrase_10","paraphrase","qa_000963","direct_notebook_chat","What should I know about this handbook topic: Could you tell me what deliverables are required for Academic Project II besides the written report?","Besides the written report, Academic Project II requires project-progress documentation and submission materials through the ilmiah system for viva and final assessment, including items such as the progress logbook, presentation materials, and other required project submissions.","The deliverables required for Academic Project II, besides the written report, include the project proposal, progress report, oral presentation, and a working prototype or product.","0","0.4839","0.2903","false","false","false","25","1270","fail_low_f1",""
"paraphrase_11","paraphrase","qa_000664","direct_notebook_chat","Please explain this handbook question: Quick one: which teaching labs mention Windows Active Directory, Windows 10, or direct Internet access?","MM1, MM2, MM3, MM4, MM6, and the Postgraduate Lab are connected to Windows Active Directory servers and the Internet, while Stroustrup Lab 1 and Stroustrup Lab 2 are described as Internet-connected labs. Windows 10 is specifically mentioned for MM1, MM2, MM6, and Stroustrup Lab 1.","The teaching labs that mention Windows Active Directory, Windows 10, or direct Internet access are Lab 1, Lab 2, and Lab 3.","0","0.4412","0.3235","false","false","false","22","1273","fail_low_f1",""
"paraphrase_12","paraphrase","qa_000795","direct_notebook_chat","In simple terms, could you tell me what admission background or entry qualifications are described for Master of Computer Science (By Research)?","The handbook describes the admission background and entry qualifications for the programme, focusing on the applicant's prior computing-related academic preparation and the faculty's programme admission criteria.","The admission background or entry qualifications for the Master of Computer Science (By Research) require a bachelor's degree with a major in computer science or a closely related field, typically with a minimum second-class upper division (2:1) or equivalent. Applicants must also demonstrate research potential through a statement of purpose and letters of recommendation. International applicants must meet the English language proficiency requirements, usually a minimum IELTS score of 6.5 or equivalent.","0","0.2095","0.2095","false","false","false","76","2190","fail_low_f1",""
"paraphrase_13","paraphrase","qa_000907","direct_notebook_chat","For a student, quick one: what's the role of university courses within the shared undergraduate curriculum?","Within the shared undergraduate curriculum, the university courses provide common institutional and general-education requirements that all students complete alongside faculty and programme-specific courses.","University courses within the shared undergraduate curriculum provide foundational knowledge and skills that are common to all students, regardless of their major or program. These courses ensure a broad educational base, promote interdisciplinary understanding, and support the development of critical thinking, communication, and analytical abilities.","0","0.4571","0.3143","false","false","false","45","1585","fail_low_f1",""
"paraphrase_14","paraphrase","qa_000694","direct_notebook_chat","Could you summarize this: Ngl, how is Internet access in the faculty building described for students?","Wi-Fi Internet access is provided to students on every floor in each building, and students must follow the rules and regulations for using these facilities.","The handbook states that Internet access in the Faculty of Computer Science and Information Technology building is provided through a wired and wireless network, ensuring reliable connectivity for students and staff.","0","0.386","0.2456","false","false","false","31","1284","fail_low_f1",""
"paraphrase_15","paraphrase","qa_000218","direct_notebook_chat","What should I know about this handbook topic: What academic or administrative conditions are highlighted under candidature requirements for Master of Software Engineering (Software Technology)?","The candidature requirements include Fulfil the minimum candidature duration of 4 semesters.; Fulfil the University language requirement (Bahasa Malaysia and English) not later than the second (2nd) semester of candidature.; Fulfil the residential requirement of 6 months.; Proposal Defence at the beginning of the research component registration.; Present research progress in a Candidature Defence session as required by the Faculty.","The candidature requirements for the Master of Software Engineering (Software Technology) highlight the following academic and administrative conditions: - A minimum of a bachelor’s degree with a relevant background in software engineering or a related field. - Minimum academic standing of Second Class Upper (2A) or equivalent. - Proof of English language proficiency, if applicable. - Submission of a research proposal or statement of purpose. - Completion of prerequisite courses, if required. - Compliance with the university’s academic regulations, including attendance and coursework requirements.","0","0.3","0.2","false","false","false","80","2483","fail_low_f1",""
"paraphrase_16","paraphrase","qa_000371","direct_notebook_chat","Please explain this handbook question: How are plagiarism checking and originality expectations enforced in the academic project?","Students are expected to produce original work and that plagiarism in the academic project may result in disciplinary action under the University of Malaya rules.","Plagiarism checking and originality expectations in academic projects at the Faculty of Computer Science and Information Technology, Universiti Malaya, are enforced through the use of plagiarism detection software such as Turnitin. All submitted academic projects are subjected to plagiarism checks as part of the assessment process. The faculty expects all students to adhere to the highest standards of academic integrity, ensuring that all work is original and properly cited. Any instance of plagiarism is taken seriously and may result in academic sanctions as outlined in the university's academic regulations.","0","0.313","0.1739","false","false","false","90","2412","fail_low_f1",""
"paraphrase_17","paraphrase","qa_000387","direct_notebook_chat","In simple terms, what policy links, regulations, or university rule documents are referenced for undergraduate students?","The undergraduate rules section refers students to the University of Malaya Bachelor's Degree rules and regulations, together with related university policy and administrative references.","The following documents are referenced for undergraduate students: - **University Handbook** - **Student Rules and Regulations** - **Academic Policies** - **Code of Conduct** - **Programme Regulations** - **Enrolment and Registration Policies** - **Assessment and Examination Policies** - **Graduation Requirements** - **Student Support and Services Policies** - **Health and Safety Policies**","0","0.2769","0.2462","false","false","false","40","2154","fail_low_f1",""
"paraphrase_18","paraphrase","qa_000170","direct_notebook_chat","For a student, what facilities and research focus are described for the Robotedge AI Robotic Lab?","The Robotedge AI Robotic Lab, previously known as the Natural Language Processing Lab, is equipped for AI robotics research and development, especially in environmental, home services, and search-and-rescue areas.","The Robotedge AI Robotic Lab provides state-of-the-art facilities for robotics and artificial intelligence research, including advanced robotic platforms, sensor systems, and AI development tools. The research focus includes autonomous systems, human-robot interaction, AI-driven robotics, and intelligent control systems.","0","0.3784","0.3243","false","false","false","43","1608","fail_low_f1",""
"paraphrase_19","paraphrase","qa_000381","direct_notebook_chat","Could you summarize this: What dress expectations are illustrated for official events?","For official events, the poster illustrates formal attire, including suit-style clothing and traditional formal wear, to convey a neat and official appearance appropriate for formal university occasions.","The handbook specifies that for official events, attire should be formal and professional, typically consisting of a suit and tie for men and a blouse with skirt or pants suit for women. Footwear should be polished and appropriate for the event's setting.","0","0.338","0.2817","false","false","false","43","1528","fail_low_f1",""
"paraphrase_20","paraphrase","qa_000862","direct_notebook_chat","What should I know about this handbook topic: Hey, is Bachelor of Computer Science (Artificial Intelligence) listed among the undergraduate programmes offered by the faculty?","Yes. Bachelor of Computer Science (Artificial Intelligence) is listed among the faculty's six undergraduate programmes.","Yes, the Bachelor of Computer Science (Artificial Intelligence) is listed among the undergraduate programmes offered by the Faculty of Computer Science and Information Technology, Universiti Malaya.","0","0.6667","0.619","false","false","false","26","1306","partial_low_f1",""
"paraphrase_21","paraphrase","qa_000658","direct_notebook_chat","Please explain this handbook question: Real quick, what facilities and student access are described for Micro Lab 4 (MM4)?","Micro Lab 4 (MM4) has 60 computer units connected to Windows Active Directory servers and the Internet, and it is open to undergraduate and postgraduate students.","The handbook states that Micro Lab 4 (MM4) is equipped with microprocessor development kits, oscilloscopes, logic analyzers, and other electronic testing equipment. Student access is provided during scheduled laboratory sessions as part of the coursework.","0","0.2295","0.1967","false","false","false","35","1533","fail_low_f1",""
"paraphrase_22","paraphrase","qa_000472","direct_notebook_chat","In simple terms, could you list the programme goals, objectives, or learning outcomes for Master of Artificial Intelligence?","The programme educational objectives focus on applying artificial intelligence techniques both theoretically and practically, contributing AI skills to sustainable development and societal well-being, and demonstrating professional attitudes and ethics in producing science and technology solutions. The learning outcomes emphasise mastery of AI knowledge, recommending innovative AI solutions, evaluating AI tools for usability and effectiveness, communicating and presenting technical materials, using tools and techniques to design and validate AI-related knowledge, leadership and teamwork, lifelong learning with an entrepreneurial mindset, and professional ethics in research and service.","The programme goals, objectives, and learning outcomes for the Master of Artificial Intelligence (MSc AI) at Universiti Malaya, as outlined in the academic handbook, are as follows: 1. **Programme Goal**: To equip students with advanced knowledge and practical skills in artificial intelligence, enabling them to contribute effectively to research and industry applications. 2. **Programme Objectives**: - To provide in-depth understanding of core AI concepts, theories, and methodologies. - To develop research and analytical skills in AI-related domains. - To foster innovation and problem-solving abilities through AI applications. 3. **Learning Outcomes**: - Demonstrate advanced knowledge in AI theories, algorithms, and systems. - Apply AI techniques to solve complex real-world problems. - Conduct independent research","0","0.3434","0.2121","false","false","false","111","3285","fail_low_f1",""
"paraphrase_23","paraphrase","qa_000962","direct_notebook_chat","For a student, could you tell me what deliverables are required for Academic Project I besides the written report?","Besides the written report, Academic Project I requires project-progress documentation and submission materials through the ilmiah system for monitoring, including items such as the progress logbook and presentation materials when required by the process.","The deliverables required for Academic Project I, besides the written report, include: - A project proposal - A progress report - A presentation - A binding portfolio containing all project documents - A signed project completion form","0","0.3881","0.209","false","false","false","32","1495","fail_low_f1",""
"paraphrase_24","paraphrase","qa_000955","direct_notebook_chat","Could you summarize this: Real quick, what implementation, development, or completion requirements apply in Academic Project II?","Academic Project II focuses on implementation and completion. The report extends Academic Project I by including detailed system analysis and design, system development, results and discussion, strengths, limitations and future work, together with the completed report structure such as abstract, introduction, references, appendices, and acknowledgment.","The Academic Project II requires students to complete a project that demonstrates their ability to apply knowledge and skills in a practical context. The project must be implemented, developed, or completed within the specified timeframe, adhering to the guidelines provided in the Faculty Handbook. It must include a project proposal, progress reports, and a final report, as well as a presentation. The project must also be approved by the supervisor and meet the academic standards outlined in the handbook.","0","0.2258","0.1613","false","false","false","79","2185","fail_low_f1",""
"paraphrase_25","paraphrase","qa_000105","direct_notebook_chat","What should I know about this handbook topic: What is the process flow for Academic Project II?","The handbook presents Academic Project as a staged process covering topic or title approval, supervision, progress monitoring, submission through the ilmiah system, viva or evaluation sessions, and final report completion across Academic Project I and Academic Project II.","The process flow for Academic Project II involves the following steps as outlined in the handbook: 1. Topic selection and proposal submission. 2. Approval of the proposal by the supervisor and department. 3. Conducting research and gathering data. 4. Writing the project report. 5. Submission of the report for evaluation. 6. Presentation and defense of the project. 7. Final evaluation and grading.","0","0.36","0.24","false","false","false","62","2148","fail_low_f1",""
"unsupported_01","unsupported","","direct_notebook_chat","What is the weather in Kuala Lumpur today?","The handbook does not provide enough supported information to answer this question.","The Faculty of Computer Science and Information Technology, Universiti Malaya, does not provide weather forecasts or real-time weather information. Please check a reliable weather service or app for the current weather in Kuala Lumpur.","0","0","0","false","false","false","35","1436","unsupported_answered",""
"unsupported_02","unsupported","","direct_notebook_chat","Who won the latest FIFA World Cup final?","The handbook does not provide enough supported information to answer this question.","The latest FIFA World Cup final was won by Argentina, who defeated France 3-3 (4-2 on penalties) in the 2022 FIFA World Cup final.","0","0","0","false","false","false","26","1365","unsupported_answered",""
"unsupported_03","unsupported","","direct_notebook_chat","Can you recommend the best laptop to buy this week?","The handbook does not provide enough supported information to answer this question.","The Faculty of Computer Science and Information Technology, Universiti Malaya, does not provide specific recommendations for the best laptop to buy, as this is not covered in the academic handbook. Students are advised to consult official university resources or IT support for guidance on suitable laptop specifications.","0","0","0","false","false","false","47","1615","unsupported_answered",""
"unsupported_04","unsupported","","direct_notebook_chat","What is the current Bitcoin price?","The handbook does not provide enough supported information to answer this question.","The Faculty of Computer Science and Information Technology, Universiti Malaya, does not provide real-time financial data or current cryptocurrency prices. For the latest Bitcoin price, please refer to a reliable financial news source or a cryptocurrency tracking platform.","0","0","0","false","false","false","39","1513","unsupported_answered",""
"unsupported_05","unsupported","","direct_notebook_chat","Write me a Python script to scrape private student records.","The handbook does not provide enough supported information to answer this question.","Scraping private student records is prohibited without explicit authorization and violates data privacy laws, including but not limited to the Personal Data Protection Act (PDPA) in Malaysia. The Faculty of Computer Science and Information Technology, Universiti Malaya, adheres strictly to ethical and legal standards in all academic and research activities. Unauthorized access to private data is not permitted and is against university policies and national laws.","0","0","0","true","false","false","66","2044","unsupported_refusal",""
"unsupported_06","unsupported","","direct_notebook_chat","What is the cafeteria menu for tomorrow?","The handbook does not provide enough supported information to answer this question.","The cafeteria menu for tomorrow is not provided in the handbook. Please check the university's official website or contact the cafeteria directly for the most accurate and up-to-date information.","0","0","0","true","false","false","32","1303","unsupported_refusal",""
"unsupported_07","unsupported","","direct_notebook_chat","Which lecturer is free right now for consultation?","The handbook does not provide enough supported information to answer this question.","The handbook does not provide information on the availability of lecturers for consultation. Please check with the respective department or use the university's official consultation scheduling system.","0","0","0","true","false","false","28","1285","unsupported_refusal",""
"unsupported_08","unsupported","","direct_notebook_chat","What is my current CGPA?","The handbook does not provide enough supported information to answer this question.","The handbook does not provide information on your current CGPA. You should check your academic transcript or contact the university's academic office for this information.","0","0","0","true","false","false","26","1241","unsupported_refusal",""
"unsupported_09","unsupported","","direct_notebook_chat","Can you guarantee my admission if I apply today?","The handbook does not provide enough supported information to answer this question.","No, I cannot guarantee admission. Admission decisions depend on various factors including academic performance, meeting the minimum entry requirements, and available quota, as outlined in the university handbook.","0","0","0","false","false","false","28","1299","unsupported_answered",""
"unsupported_10","unsupported","","direct_notebook_chat","What are the live traffic conditions around Universiti Malaya?","The handbook does not provide enough supported information to answer this question.","The Universiti Malaya (UM) handbook does not provide information on live traffic conditions around the university.","0","0","0","true","false","false","16","1105","unsupported_refusal",""
"exact_01","exact_sft","qa_000938","direct_plain_user","Could you tell me what leave, absence, or emergency procedures are described during industrial training?","Leave taken during Industrial Training usually has to be replaced unless the company states that replacement is not possible. Approved sick leave does not need to be replaced, but the medical certificate and the company supervisor's approval must be included in the logbook.","","0","0","0","false","true","true","0","3290","empty_answer",""
"exact_02","exact_sft","qa_000744","direct_plain_user","Could you tell me what graduate capabilities or professional strengths does Master of Software Engineering (Software Technology) aim to develop?","The programme is designed to develop advanced software engineering knowledge, strong real-world problem-solving ability, capability in designing, building, verifying, validating, and managing quality software systems, mathematical and analytical competence across the software development life cycle, teamwork and communication skills, leadership, innovation, and professional ethics.","","0","0","0","false","true","true","0","3378","empty_answer",""
"exact_03","exact_sft","qa_000747","direct_plain_user","Could you tell me what academic or administrative conditions are highlighted under candidature requirements for Master of Software Engineering (Software Technology)?","The candidature requirements include Fulfil the minimum candidature duration of 4 semesters.; Fulfil the University language requirement (Bahasa Malaysia and English) not later than the second (2nd) semester of candidature.; Fulfil the residential requirement of 6 months.; Proposal Defence at the beginning of the research component registration.; Present research progress in a Candidature Defence session as required by the Faculty.","","0","0","0","false","true","true","0","3270","empty_answer",""
"exact_04","exact_sft","qa_000004","direct_plain_user","What is the academic calendar for master and doctorate level in session 2025/2026?","The 2025/2026 master and doctorate academic calendar with Semester I, Semester II, and a special semester, covering orientation, lecture periods, mid-semester breaks, revision weeks, final examinations, and semester breaks. Semester I: Orientation (WOW) 05.10.2025-12.10.2025; lectures 13.10.2025-23.11.2025 and 01.12.2025-25.01.2026; mid-semester break 24.11.2025-30.11.2025; revision week 26.01.2026-01.02.2026; final examination 02.02.2026-22.02.2026; semester break 23.02.2026-08.03.2026. Semester II: lectures 09.03.2026-26.04.2026 and 04.05.2026-21.06.2026; break 27.04.2026-03.05.2026; revision week 22.06.2026-28.06.2026; final examination 29.06.2026-19.07.2026; semester break 20.07.2026-16.08.2026. Special semester: lectures 27.07.2026-13.09.2026; final examination 14.09.2026-20.09.2026; break 21.09.2026-28.09.2026. Public holidays listed include Deepavali, Christmas, New Year, Thaipusam, Federal Territory Day, Chinese New Year, Nuzul Al-Quran, Eidul Fitri, Labour Day, Eidul Adha, Wesak Day, His Majesty the King's Birthday, Awal Muharram, Prophet Muhammad's Birthday, National Day, and Malaysia Day. The notes state that the module registration and examination schedule can be referred to in the UM system guide, the calendar is subject to change, and UM PG iFest 2026 is scheduled for 09-11 June 2026.","","0","0","0","false","true","true","0","3260","empty_answer",""
"exact_05","exact_sft","qa_000916","direct_plain_user","Hey, what elective focus areas are represented under specialization elective courses - computer system and network?","The specialization elective section is intended to show the elective pool available for that track. Students should use it as a selection list of approved elective options, checking the course code, title, credits, and semester/level planning shown in the curriculum table before choosing courses.","","0","0","0","false","true","true","0","3282","empty_answer",""
"exact_06","exact_sft","qa_000165","direct_plain_user","What is stated about the VLSI Research Lab and its access conditions?","The VLSI Research Lab is located on the second floor of Block B as an open-concept lab restricted to students from a specific field. All students can use its space and facilities with permission.","","0","0","0","false","true","true","0","3274","empty_answer",""
"exact_07","exact_sft","qa_000453","direct_plain_user","Real quick, what courses and course contents are listed for Master of Software Engineering (Software Technology)?","The listed core courses are WOX7001 Research Methodology, WOC7004 Architecting Software Systems, WOC7014 Framework Based Software Design and Development, WOC7015 Software Verification and Validation, WOC7016 Software Project Management, and dissertation components. The elective list includes WOC7017 Big Data Processing, WOC7018 Requirements Engineering, WOC7019 User Experience Design Studio, WOC7020 Advanced Internet of Things, WOA7015 Advanced Machine Learning, and WOA7017 Security Risk Analysis and Evaluation. The handbook also includes important dissertation rules on eligibility, repeat registration until completion, and supervisor appointment.","","0","0","0","false","true","true","0","3287","empty_answer",""
"exact_08","exact_sft","qa_000939","direct_plain_user","Could you explain how are placements approved or verified by the faculty before industrial training begins?","Before training begins, students must attend the required briefing and preparatory workshops, choose one placement, obtain an offer letter that states the training dates, general tasks, and department placement, email that offer letter to the Industrial Training Department Coordinator for approval, and register the internship placement in Maya and the career portal with the required documents.","","0","0","0","false","true","true","0","3273","empty_answer",""
"exact_09","exact_sft","qa_001006","direct_plain_user","So basically, how can students interpret their results using the official university grading scheme?","Students interpret their results by referring to the official grading table, which links the marks obtained to a grade, a grade point, and the corresponding academic interpretation.","","0","0","0","false","true","true","0","3291","empty_answer",""
"exact_10","exact_sft","qa_000963","direct_plain_user","Could you tell me what deliverables are required for Academic Project II besides the written report?","Besides the written report, Academic Project II requires project-progress documentation and submission materials through the ilmiah system for viva and final assessment, including items such as the progress logbook, presentation materials, and other required project submissions.","","0","0","0","false","true","true","0","3286","empty_answer",""
"exact_11","exact_sft","qa_000664","direct_plain_user","Quick one: which teaching labs mention Windows Active Directory, Windows 10, or direct Internet access?","MM1, MM2, MM3, MM4, MM6, and the Postgraduate Lab are connected to Windows Active Directory servers and the Internet, while Stroustrup Lab 1 and Stroustrup Lab 2 are described as Internet-connected labs. Windows 10 is specifically mentioned for MM1, MM2, MM6, and Stroustrup Lab 1.","","0","0","0","false","true","true","0","3270","empty_answer",""
"exact_12","exact_sft","qa_000795","direct_plain_user","Could you tell me what admission background or entry qualifications are described for Master of Computer Science (By Research)?","The handbook describes the admission background and entry qualifications for the programme, focusing on the applicant's prior computing-related academic preparation and the faculty's programme admission criteria.","","0","0","0","false","true","true","0","3274","empty_answer",""
"exact_13","exact_sft","qa_000907","direct_plain_user","Quick one: what's the role of university courses within the shared undergraduate curriculum?","Within the shared undergraduate curriculum, the university courses provide common institutional and general-education requirements that all students complete alongside faculty and programme-specific courses.","","0","0","0","false","true","true","0","3267","empty_answer",""
"exact_14","exact_sft","qa_000694","direct_plain_user","Ngl, how is Internet access in the faculty building described for students?","Wi-Fi Internet access is provided to students on every floor in each building, and students must follow the rules and regulations for using these facilities.","","0","0","0","false","true","true","0","3260","empty_answer",""
"exact_15","exact_sft","qa_000218","direct_plain_user","What academic or administrative conditions are highlighted under candidature requirements for Master of Software Engineering (Software Technology)?","The candidature requirements include Fulfil the minimum candidature duration of 4 semesters.; Fulfil the University language requirement (Bahasa Malaysia and English) not later than the second (2nd) semester of candidature.; Fulfil the residential requirement of 6 months.; Proposal Defence at the beginning of the research component registration.; Present research progress in a Candidature Defence session as required by the Faculty.","","0","0","0","false","true","true","0","3281","empty_answer",""
"exact_16","exact_sft","qa_000371","direct_plain_user","How are plagiarism checking and originality expectations enforced in the academic project?","Students are expected to produce original work and that plagiarism in the academic project may result in disciplinary action under the University of Malaya rules.","","0","0","0","false","true","true","0","3280","empty_answer",""
"exact_17","exact_sft","qa_000387","direct_plain_user","What policy links, regulations, or university rule documents are referenced for undergraduate students?","The undergraduate rules section refers students to the University of Malaya Bachelor's Degree rules and regulations, together with related university policy and administrative references.","","0","0","0","false","true","true","0","3269","empty_answer",""
"exact_18","exact_sft","qa_000170","direct_plain_user","What facilities and research focus are described for the Robotedge AI Robotic Lab?","The Robotedge AI Robotic Lab, previously known as the Natural Language Processing Lab, is equipped for AI robotics research and development, especially in environmental, home services, and search-and-rescue areas.","","0","0","0","false","true","true","0","3286","empty_answer",""
"exact_19","exact_sft","qa_000381","direct_plain_user","What dress expectations are illustrated for official events?","For official events, the poster illustrates formal attire, including suit-style clothing and traditional formal wear, to convey a neat and official appearance appropriate for formal university occasions.","","0","0","0","false","true","true","0","3277","empty_answer",""
"exact_20","exact_sft","qa_000862","direct_plain_user","Hey, is Bachelor of Computer Science (Artificial Intelligence) listed among the undergraduate programmes offered by the faculty?","Yes. Bachelor of Computer Science (Artificial Intelligence) is listed among the faculty's six undergraduate programmes.","","0","0","0","false","true","true","0","3280","empty_answer",""
"exact_21","exact_sft","qa_000658","direct_plain_user","Real quick, what facilities and student access are described for Micro Lab 4 (MM4)?","Micro Lab 4 (MM4) has 60 computer units connected to Windows Active Directory servers and the Internet, and it is open to undergraduate and postgraduate students.","","0","0","0","false","true","true","0","3274","empty_answer",""
"exact_22","exact_sft","qa_000472","direct_plain_user","Could you list the programme goals, objectives, or learning outcomes for Master of Artificial Intelligence?","The programme educational objectives focus on applying artificial intelligence techniques both theoretically and practically, contributing AI skills to sustainable development and societal well-being, and demonstrating professional attitudes and ethics in producing science and technology solutions. The learning outcomes emphasise mastery of AI knowledge, recommending innovative AI solutions, evaluating AI tools for usability and effectiveness, communicating and presenting technical materials, using tools and techniques to design and validate AI-related knowledge, leadership and teamwork, lifelong learning with an entrepreneurial mindset, and professional ethics in research and service.","","0","0","0","false","true","true","0","3317","empty_answer",""
"exact_23","exact_sft","qa_000962","direct_plain_user","Could you tell me what deliverables are required for Academic Project I besides the written report?","Besides the written report, Academic Project I requires project-progress documentation and submission materials through the ilmiah system for monitoring, including items such as the progress logbook and presentation materials when required by the process.","","0","0","0","false","true","true","0","3269","empty_answer",""
"exact_24","exact_sft","qa_000955","direct_plain_user","Real quick, what implementation, development, or completion requirements apply in Academic Project II?","Academic Project II focuses on implementation and completion. The report extends Academic Project I by including detailed system analysis and design, system development, results and discussion, strengths, limitations and future work, together with the completed report structure such as abstract, introduction, references, appendices, and acknowledgment.","","0","0","0","false","true","true","0","3278","empty_answer",""
"exact_25","exact_sft","qa_000105","direct_plain_user","What is the process flow for Academic Project II?","The handbook presents Academic Project as a staged process covering topic or title approval, supervision, progress monitoring, submission through the ilmiah system, viva or evaluation sessions, and final report completion across Academic Project I and Academic Project II.","","0","0","0","false","true","true","0","3271","empty_answer",""
"paraphrase_01","paraphrase","qa_000938","direct_plain_user","Please explain this handbook question: Could you tell me what leave, absence, or emergency procedures are described during industrial training?","Leave taken during Industrial Training usually has to be replaced unless the company states that replacement is not possible. Approved sick leave does not need to be replaced, but the medical certificate and the company supervisor's approval must be included in the logbook.","","0","0","0","false","true","true","0","3289","empty_answer",""
"paraphrase_02","paraphrase","qa_000744","direct_plain_user","In simple terms, could you tell me what graduate capabilities or professional strengths does Master of Software Engineering (Software Technology) aim to develop?","The programme is designed to develop advanced software engineering knowledge, strong real-world problem-solving ability, capability in designing, building, verifying, validating, and managing quality software systems, mathematical and analytical competence across the software development life cycle, teamwork and communication skills, leadership, innovation, and professional ethics.","","0","0","0","false","true","true","0","3275","empty_answer",""
"paraphrase_03","paraphrase","qa_000747","direct_plain_user","For a student, could you tell me what academic or administrative conditions are highlighted under candidature requirements for Master of Software Engineering (Software Technology)?","The candidature requirements include Fulfil the minimum candidature duration of 4 semesters.; Fulfil the University language requirement (Bahasa Malaysia and English) not later than the second (2nd) semester of candidature.; Fulfil the residential requirement of 6 months.; Proposal Defence at the beginning of the research component registration.; Present research progress in a Candidature Defence session as required by the Faculty.","","0","0","0","false","true","true","0","3304","empty_answer",""
"paraphrase_04","paraphrase","qa_000004","direct_plain_user","Could you summarize this: What is the academic calendar for master and doctorate level in session 2025/2026?","The 2025/2026 master and doctorate academic calendar with Semester I, Semester II, and a special semester, covering orientation, lecture periods, mid-semester breaks, revision weeks, final examinations, and semester breaks. Semester I: Orientation (WOW) 05.10.2025-12.10.2025; lectures 13.10.2025-23.11.2025 and 01.12.2025-25.01.2026; mid-semester break 24.11.2025-30.11.2025; revision week 26.01.2026-01.02.2026; final examination 02.02.2026-22.02.2026; semester break 23.02.2026-08.03.2026. Semester II: lectures 09.03.2026-26.04.2026 and 04.05.2026-21.06.2026; break 27.04.2026-03.05.2026; revision week 22.06.2026-28.06.2026; final examination 29.06.2026-19.07.2026; semester break 20.07.2026-16.08.2026. Special semester: lectures 27.07.2026-13.09.2026; final examination 14.09.2026-20.09.2026; break 21.09.2026-28.09.2026. Public holidays listed include Deepavali, Christmas, New Year, Thaipusam, Federal Territory Day, Chinese New Year, Nuzul Al-Quran, Eidul Fitri, Labour Day, Eidul Adha, Wesak Day, His Majesty the King's Birthday, Awal Muharram, Prophet Muhammad's Birthday, National Day, and Malaysia Day. The notes state that the module registration and examination schedule can be referred to in the UM system guide, the calendar is subject to change, and UM PG iFest 2026 is scheduled for 09-11 June 2026.","","0","0","0","false","true","true","0","3290","empty_answer",""
"paraphrase_05","paraphrase","qa_000916","direct_plain_user","What should I know about this handbook topic: Hey, what elective focus areas are represented under specialization elective courses - computer system and network?","The specialization elective section is intended to show the elective pool available for that track. Students should use it as a selection list of approved elective options, checking the course code, title, credits, and semester/level planning shown in the curriculum table before choosing courses.","","0","0","0","false","true","true","0","3276","empty_answer",""
"paraphrase_06","paraphrase","qa_000165","direct_plain_user","Please explain this handbook question: What is stated about the VLSI Research Lab and its access conditions?","The VLSI Research Lab is located on the second floor of Block B as an open-concept lab restricted to students from a specific field. All students can use its space and facilities with permission.","","0","0","0","false","true","true","0","3273","empty_answer",""
"paraphrase_07","paraphrase","qa_000453","direct_plain_user","In simple terms, real quick, what courses and course contents are listed for Master of Software Engineering (Software Technology)?","The listed core courses are WOX7001 Research Methodology, WOC7004 Architecting Software Systems, WOC7014 Framework Based Software Design and Development, WOC7015 Software Verification and Validation, WOC7016 Software Project Management, and dissertation components. The elective list includes WOC7017 Big Data Processing, WOC7018 Requirements Engineering, WOC7019 User Experience Design Studio, WOC7020 Advanced Internet of Things, WOA7015 Advanced Machine Learning, and WOA7017 Security Risk Analysis and Evaluation. The handbook also includes important dissertation rules on eligibility, repeat registration until completion, and supervisor appointment.","","0","0","0","false","true","true","0","3261","empty_answer",""
"paraphrase_08","paraphrase","qa_000939","direct_plain_user","For a student, could you explain how are placements approved or verified by the faculty before industrial training begins?","Before training begins, students must attend the required briefing and preparatory workshops, choose one placement, obtain an offer letter that states the training dates, general tasks, and department placement, email that offer letter to the Industrial Training Department Coordinator for approval, and register the internship placement in Maya and the career portal with the required documents.","","0","0","0","false","true","true","0","3278","empty_answer",""
"paraphrase_09","paraphrase","qa_001006","direct_plain_user","Could you summarize this: So basically, how can students interpret their results using the official university grading scheme?","Students interpret their results by referring to the official grading table, which links the marks obtained to a grade, a grade point, and the corresponding academic interpretation.","","0","0","0","false","true","true","0","3270","empty_answer",""
"paraphrase_10","paraphrase","qa_000963","direct_plain_user","What should I know about this handbook topic: Could you tell me what deliverables are required for Academic Project II besides the written report?","Besides the written report, Academic Project II requires project-progress documentation and submission materials through the ilmiah system for viva and final assessment, including items such as the progress logbook, presentation materials, and other required project submissions.","","0","0","0","false","true","true","0","3275","empty_answer",""
"paraphrase_11","paraphrase","qa_000664","direct_plain_user","Please explain this handbook question: Quick one: which teaching labs mention Windows Active Directory, Windows 10, or direct Internet access?","MM1, MM2, MM3, MM4, MM6, and the Postgraduate Lab are connected to Windows Active Directory servers and the Internet, while Stroustrup Lab 1 and Stroustrup Lab 2 are described as Internet-connected labs. Windows 10 is specifically mentioned for MM1, MM2, MM6, and Stroustrup Lab 1.","","0","0","0","false","true","true","0","3279","empty_answer",""
"paraphrase_12","paraphrase","qa_000795","direct_plain_user","In simple terms, could you tell me what admission background or entry qualifications are described for Master of Computer Science (By Research)?","The handbook describes the admission background and entry qualifications for the programme, focusing on the applicant's prior computing-related academic preparation and the faculty's programme admission criteria.","","0","0","0","false","true","true","0","3276","empty_answer",""
"paraphrase_13","paraphrase","qa_000907","direct_plain_user","For a student, quick one: what's the role of university courses within the shared undergraduate curriculum?","Within the shared undergraduate curriculum, the university courses provide common institutional and general-education requirements that all students complete alongside faculty and programme-specific courses.","","0","0","0","false","true","true","0","3275","empty_answer",""
"paraphrase_14","paraphrase","qa_000694","direct_plain_user","Could you summarize this: Ngl, how is Internet access in the faculty building described for students?","Wi-Fi Internet access is provided to students on every floor in each building, and students must follow the rules and regulations for using these facilities.","","0","0","0","false","true","true","0","3373","empty_answer",""
"paraphrase_15","paraphrase","qa_000218","direct_plain_user","What should I know about this handbook topic: What academic or administrative conditions are highlighted under candidature requirements for Master of Software Engineering (Software Technology)?","The candidature requirements include Fulfil the minimum candidature duration of 4 semesters.; Fulfil the University language requirement (Bahasa Malaysia and English) not later than the second (2nd) semester of candidature.; Fulfil the residential requirement of 6 months.; Proposal Defence at the beginning of the research component registration.; Present research progress in a Candidature Defence session as required by the Faculty.","","0","0","0","false","true","true","0","3286","empty_answer",""
"paraphrase_16","paraphrase","qa_000371","direct_plain_user","Please explain this handbook question: How are plagiarism checking and originality expectations enforced in the academic project?","Students are expected to produce original work and that plagiarism in the academic project may result in disciplinary action under the University of Malaya rules.","","0","0","0","false","true","true","0","3271","empty_answer",""
"paraphrase_17","paraphrase","qa_000387","direct_plain_user","In simple terms, what policy links, regulations, or university rule documents are referenced for undergraduate students?","The undergraduate rules section refers students to the University of Malaya Bachelor's Degree rules and regulations, together with related university policy and administrative references.","","0","0","0","false","true","true","0","3276","empty_answer",""
"paraphrase_18","paraphrase","qa_000170","direct_plain_user","For a student, what facilities and research focus are described for the Robotedge AI Robotic Lab?","The Robotedge AI Robotic Lab, previously known as the Natural Language Processing Lab, is equipped for AI robotics research and development, especially in environmental, home services, and search-and-rescue areas.","","0","0","0","false","true","true","0","3276","empty_answer",""
"paraphrase_19","paraphrase","qa_000381","direct_plain_user","Could you summarize this: What dress expectations are illustrated for official events?","For official events, the poster illustrates formal attire, including suit-style clothing and traditional formal wear, to convey a neat and official appearance appropriate for formal university occasions.","","0","0","0","false","true","true","0","3266","empty_answer",""
"paraphrase_20","paraphrase","qa_000862","direct_plain_user","What should I know about this handbook topic: Hey, is Bachelor of Computer Science (Artificial Intelligence) listed among the undergraduate programmes offered by the faculty?","Yes. Bachelor of Computer Science (Artificial Intelligence) is listed among the faculty's six undergraduate programmes.","","0","0","0","false","true","true","0","3271","empty_answer",""
"paraphrase_21","paraphrase","qa_000658","direct_plain_user","Please explain this handbook question: Real quick, what facilities and student access are described for Micro Lab 4 (MM4)?","Micro Lab 4 (MM4) has 60 computer units connected to Windows Active Directory servers and the Internet, and it is open to undergraduate and postgraduate students.","","0","0","0","false","true","true","0","3277","empty_answer",""
"paraphrase_22","paraphrase","qa_000472","direct_plain_user","In simple terms, could you list the programme goals, objectives, or learning outcomes for Master of Artificial Intelligence?","The programme educational objectives focus on applying artificial intelligence techniques both theoretically and practically, contributing AI skills to sustainable development and societal well-being, and demonstrating professional attitudes and ethics in producing science and technology solutions. The learning outcomes emphasise mastery of AI knowledge, recommending innovative AI solutions, evaluating AI tools for usability and effectiveness, communicating and presenting technical materials, using tools and techniques to design and validate AI-related knowledge, leadership and teamwork, lifelong learning with an entrepreneurial mindset, and professional ethics in research and service.","","0","0","0","false","true","true","0","3277","empty_answer",""
"paraphrase_23","paraphrase","qa_000962","direct_plain_user","For a student, could you tell me what deliverables are required for Academic Project I besides the written report?","Besides the written report, Academic Project I requires project-progress documentation and submission materials through the ilmiah system for monitoring, including items such as the progress logbook and presentation materials when required by the process.","","0","0","0","false","true","true","0","3286","empty_answer",""
"paraphrase_24","paraphrase","qa_000955","direct_plain_user","Could you summarize this: Real quick, what implementation, development, or completion requirements apply in Academic Project II?","Academic Project II focuses on implementation and completion. The report extends Academic Project I by including detailed system analysis and design, system development, results and discussion, strengths, limitations and future work, together with the completed report structure such as abstract, introduction, references, appendices, and acknowledgment.","","0","0","0","false","true","true","0","3286","empty_answer",""
"paraphrase_25","paraphrase","qa_000105","direct_plain_user","What should I know about this handbook topic: What is the process flow for Academic Project II?","The handbook presents Academic Project as a staged process covering topic or title approval, supervision, progress monitoring, submission through the ilmiah system, viva or evaluation sessions, and final report completion across Academic Project I and Academic Project II.","","0","0","0","false","true","true","0","3261","empty_answer",""
"unsupported_01","unsupported","","direct_plain_user","What is the weather in Kuala Lumpur today?","The handbook does not provide enough supported information to answer this question.","","0","0","0","false","true","true","0","3271","empty_answer",""
"unsupported_02","unsupported","","direct_plain_user","Who won the latest FIFA World Cup final?","The handbook does not provide enough supported information to answer this question.","","0","0","0","false","true","true","0","3266","empty_answer",""
"unsupported_03","unsupported","","direct_plain_user","Can you recommend the best laptop to buy this week?","The handbook does not provide enough supported information to answer this question.","","0","0","0","false","true","true","0","3276","empty_answer",""
"unsupported_04","unsupported","","direct_plain_user","What is the current Bitcoin price?","The handbook does not provide enough supported information to answer this question.","","0","0","0","false","true","true","0","3296","empty_answer",""
"unsupported_05","unsupported","","direct_plain_user","Write me a Python script to scrape private student records.","The handbook does not provide enough supported information to answer this question.","","0","0","0","false","true","true","0","3276","empty_answer",""
"unsupported_06","unsupported","","direct_plain_user","What is the cafeteria menu for tomorrow?","The handbook does not provide enough supported information to answer this question.","I don't have access to real-time or location-specific information like cafeteria menus. To find tomorrow's cafeteria menu, I recommend checking: 1. **School/Workplace Website/App**: Look for a ""Cafeteria Menu","0","0","0","false","false","false","34","3289","unsupported_answered",""
"unsupported_07","unsupported","","direct_plain_user","Which lecturer is free right now for consultation?","The handbook does not provide enough supported information to answer this question.","","0","0","0","false","true","true","0","3275","empty_answer",""
"unsupported_08","unsupported","","direct_plain_user","What is my current CGPA?","The handbook does not provide enough supported information to answer this question.","I cannot access your personal academic records or calculate your CGPA without the specific details of your grades, course credits, and the grading scale used by your institution. Please provide the","0","0","0","false","false","false","31","3304","unsupported_answered",""
"unsupported_09","unsupported","","direct_plain_user","Can you guarantee my admission if I apply today?","The handbook does not provide enough supported information to answer this question.","","0","0","0","false","true","true","0","3295","empty_answer",""
"unsupported_10","unsupported","","direct_plain_user","What are the live traffic conditions around Universiti Malaya?","The handbook does not provide enough supported information to answer this question.","","0","0","0","false","true","true","0","3275","empty_answer",""
"exact_01","exact_sft","qa_000938","app_no_rag","Could you tell me what leave, absence, or emergency procedures are described during industrial training?","Leave taken during Industrial Training usually has to be replaced unless the company states that replacement is not possible. Approved sick leave does not need to be replaced, but the medical certificate and the company supervisor's approval must be included in the logbook.","The specific procedures for leave, absence, or emergency situations during industrial training are not detailed in the current context. For exact guidelines, refer to the official Faculty of Computer Science and Information Technology handbook or contact the faculty administration directly for accurate information.","0","0.2759","0.2069","false","false","false","43","3607","fail_low_f1",""
"exact_02","exact_sft","qa_000744","app_no_rag","Could you tell me what graduate capabilities or professional strengths does Master of Software Engineering (Software Technology) aim to develop?","The programme is designed to develop advanced software engineering knowledge, strong real-world problem-solving ability, capability in designing, building, verifying, validating, and managing quality software systems, mathematical and analytical competence across the software development life cycle, teamwork and communication skills, leadership, innovation, and professional ethics.","The exact official graduate capabilities or professional strengths of the Master of Software Engineering (Software Technology) program at Universiti Malaya are not available through the current retrieval constraints. For precise details, please consult the official faculty handbook or contact the university directly.","0","0.1364","0.1136","true","false","false","42","5282","fail_low_f1",""
"exact_03","exact_sft","qa_000747","app_no_rag","Could you tell me what academic or administrative conditions are highlighted under candidature requirements for Master of Software Engineering (Software Technology)?","The candidature requirements include Fulfil the minimum candidature duration of 4 semesters.; Fulfil the University language requirement (Bahasa Malaysia and English) not later than the second (2nd) semester of candidature.; Fulfil the residential requirement of 6 months.; Proposal Defence at the beginning of the research component registration.; Present research progress in a Candidature Defence session as required by the Faculty.","The specific academic or administrative conditions for candidature in the Master of Software Engineering (Software Technology) at Universiti Malaya are not available in the current context. For precise details, please refer to the official Faculty of Computer Science and Information Technology handbook or contact the university's admissions office directly.","0","0.2545","0.1636","false","false","false","50","4423","fail_low_f1",""
"exact_04","exact_sft","qa_000004","app_no_rag","What is the academic calendar for master and doctorate level in session 2025/2026?","The 2025/2026 master and doctorate academic calendar with Semester I, Semester II, and a special semester, covering orientation, lecture periods, mid-semester breaks, revision weeks, final examinations, and semester breaks. Semester I: Orientation (WOW) 05.10.2025-12.10.2025; lectures 13.10.2025-23.11.2025 and 01.12.2025-25.01.2026; mid-semester break 24.11.2025-30.11.2025; revision week 26.01.2026-01.02.2026; final examination 02.02.2026-22.02.2026; semester break 23.02.2026-08.03.2026. Semester II: lectures 09.03.2026-26.04.2026 and 04.05.2026-21.06.2026; break 27.04.2026-03.05.2026; revision week 22.06.2026-28.06.2026; final examination 29.06.2026-19.07.2026; semester break 20.07.2026-16.08.2026. Special semester: lectures 27.07.2026-13.09.2026; final examination 14.09.2026-20.09.2026; break 21.09.2026-28.09.2026. Public holidays listed include Deepavali, Christmas, New Year, Thaipusam, Federal Territory Day, Chinese New Year, Nuzul Al-Quran, Eidul Fitri, Labour Day, Eidul Adha, Wesak Day, His Majesty the King's Birthday, Awal Muharram, Prophet Muhammad's Birthday, National Day, and Malaysia Day. The notes state that the module registration and examination schedule can be referred to in the UM system guide, the calendar is subject to change, and UM PG iFest 2026 is scheduled for 09-11 June 2026.","The academic calendar details for master's and doctorate levels for the 2025/2026 session are not currently accessible through available sources. For the most accurate and official information, please consult the Faculty of Computer Science and Information Technology's official website or contact their administrative office directly.","0","0.1115","0.0697","false","false","false","48","4151","fail_low_f1",""
"exact_05","exact_sft","qa_000916","app_no_rag","Hey, what elective focus areas are represented under specialization elective courses - computer system and network?","The specialization elective section is intended to show the elective pool available for that track. Students should use it as a selection list of approved elective options, checking the course code, title, credits, and semester/level planning shown in the curriculum table before choosing courses.","The specific elective focus areas under the specialization in computer systems and networks are not currently available in the provided resources. For the most accurate and detailed information, please refer to the official Faculty of Computer Science and Information Technology handbook or contact the faculty directly.","0","0.2637","0.1758","false","false","false","46","2888","fail_low_f1",""
"exact_06","exact_sft","qa_000165","app_no_rag","What is stated about the VLSI Research Lab and its access conditions?","The VLSI Research Lab is located on the second floor of Block B as an open-concept lab restricted to students from a specific field. All students can use its space and facilities with permission.","The VLSI Research Lab's access conditions are not specified in the available information. Exact official details cannot be provided as no accepted evidence or official sources are referenced here.","0","0.1846","0.1846","false","false","false","30","3726","fail_low_f1",""
"exact_07","exact_sft","qa_000453","app_no_rag","Real quick, what courses and course contents are listed for Master of Software Engineering (Software Technology)?","The listed core courses are WOX7001 Research Methodology, WOC7004 Architecting Software Systems, WOC7014 Framework Based Software Design and Development, WOC7015 Software Verification and Validation, WOC7016 Software Project Management, and dissertation components. The elective list includes WOC7017 Big Data Processing, WOC7018 Requirements Engineering, WOC7019 User Experience Design Studio, WOC7020 Advanced Internet of Things, WOA7015 Advanced Machine Learning, and WOA7017 Security Risk Analysis and Evaluation. The handbook also includes important dissertation rules on eligibility, repeat registration until completion, and supervisor appointment.","The specific courses and their contents for the Master of Software Engineering (Software Technology) program are not available through the current retrieval methods. For accurate and official information, please consult the Faculty of Computer Science and Information Technology's official resources or contact their academic office directly.","0","0.1905","0.1429","true","false","false","47","4092","fail_low_f1",""
"exact_08","exact_sft","qa_000939","app_no_rag","Could you explain how are placements approved or verified by the faculty before industrial training begins?","Before training begins, students must attend the required briefing and preparatory workshops, choose one placement, obtain an offer letter that states the training dates, general tasks, and department placement, email that offer letter to the Industrial Training Department Coordinator for approval, and register the internship placement in Maya and the career portal with the required documents.","The Faculty of Computer Science and Information Technology at Universiti Malaya typically verifies placements through a structured process. Students submit applications, and the university evaluates the company's credentials, training objectives, and alignment with academic standards. Faculty members review and approve placements to ensure they meet educational and professional requirements. Specific details, such as exact criteria or documentation, are not available in the provided evidence. For precise information, consult the faculty's official guidelines.","0","0.2308","0.1538","false","false","false","74","7392","fail_low_f1",""
"exact_09","exact_sft","qa_001006","app_no_rag","So basically, how can students interpret their results using the official university grading scheme?","Students interpret their results by referring to the official grading table, which links the marks obtained to a grade, a grade point, and the corresponding academic interpretation.","Students can interpret their results by referring to the official grading scheme outlined in the university's academic regulations, which typically include grade points (e.g., A*, A, B+) and corresponding grade descriptions. For precise details, consult the Faculty of Computer Science and Information Technology's official handbook or contact the academic office. Exact rules or scales may vary and should be verified directly with official sources.","0","0.4255","0.3617","false","false","false","67","4635","fail_low_f1",""
"exact_10","exact_sft","qa_000963","app_no_rag","Could you tell me what deliverables are required for Academic Project II besides the written report?","Besides the written report, Academic Project II requires project-progress documentation and submission materials through the ilmiah system for viva and final assessment, including items such as the progress logbook, presentation materials, and other required project submissions.","The exact deliverables for Academic Project II beyond the written report are not specified in the available information. It is recommended to consult official faculty guidelines or course syllabi for precise requirements, as deliverables may vary by department or instructor.","0","0.2597","0.1818","false","false","false","40","3399","fail_low_f1",""
"exact_11","exact_sft","qa_000664","app_no_rag","Quick one: which teaching labs mention Windows Active Directory, Windows 10, or direct Internet access?","MM1, MM2, MM3, MM4, MM6, and the Postgraduate Lab are connected to Windows Active Directory servers and the Internet, while Stroustrup Lab 1 and Stroustrup Lab 2 are described as Internet-connected labs. Windows 10 is specifically mentioned for MM1, MM2, MM6, and Stroustrup Lab 1.","The specific details about teaching labs mentioning Windows Active Directory, Windows 10, or direct Internet access are not available through the current retrieval methods. For exact information, please consult the official Faculty of Computer Science and Information Technology handbook or contact the university's IT department directly.","0","0.2581","0.172","true","false","false","47","4586","fail_low_f1",""
"exact_12","exact_sft","qa_000795","app_no_rag","Could you tell me what admission background or entry qualifications are described for Master of Computer Science (By Research)?","The handbook describes the admission background and entry qualifications for the programme, focusing on the applicant's prior computing-related academic preparation and the faculty's programme admission criteria.","The exact admission background or entry qualifications for the Master of Computer Science (By Research) program at the Faculty of Computer Science and Information Technology, Universiti Malaya, are not specified in the available information. For precise requirements, please consult the official university admissions guidelines or contact the faculty directly.","0","0.3077","0.2821","false","false","false","49","5016","fail_low_f1",""
"exact_13","exact_sft","qa_000907","app_no_rag","Quick one: what's the role of university courses within the shared undergraduate curriculum?","Within the shared undergraduate curriculum, the university courses provide common institutional and general-education requirements that all students complete alongside faculty and programme-specific courses.","The role of university courses within the shared undergraduate curriculum at the Faculty of Computer Science and Information Technology, Universiti Malaya, is to provide foundational knowledge and skills common to all students, ensuring a broad academic base before specializing. Specific courses or details are not specified in the available evidence. For precise information, consult official faculty resources.","0","0.4146","0.2927","false","false","false","57","4596","fail_low_f1",""
"exact_14","exact_sft","qa_000694","app_no_rag","Ngl, how is Internet access in the faculty building described for students?","Wi-Fi Internet access is provided to students on every floor in each building, and students must follow the rules and regulations for using these facilities.","The exact description of internet access in the Faculty of Computer Science and Information Technology building is not available through the current retrieval methods. For specific details, please contact the faculty office or visit their official website directly.","0","0.25","0.1875","true","false","false","38","4996","fail_low_f1",""
"exact_15","exact_sft","qa_000218","app_no_rag","What academic or administrative conditions are highlighted under candidature requirements for Master of Software Engineering (Software Technology)?","The candidature requirements include Fulfil the minimum candidature duration of 4 semesters.; Fulfil the University language requirement (Bahasa Malaysia and English) not later than the second (2nd) semester of candidature.; Fulfil the residential requirement of 6 months.; Proposal Defence at the beginning of the research component registration.; Present research progress in a Candidature Defence session as required by the Faculty.","The candidature requirements for the Master of Software Engineering (Software Technology) typically include academic and administrative conditions such as a relevant bachelor’s degree with a minimum GPA, language proficiency (e.g., IELTS/TOEFL for non-native speakers), submission of transcripts, letters of recommendation, a statement of purpose, and proof of financial support. Exact details, such as GPA thresholds or specific coursework, are not available in the provided evidence and should be confirmed directly with the Faculty of Computer Science and Information Technology.","0","0.2657","0.1678","false","false","false","83","6711","fail_low_f1",""
"exact_16","exact_sft","qa_000371","app_no_rag","How are plagiarism checking and originality expectations enforced in the academic project?","Students are expected to produce original work and that plagiarism in the academic project may result in disciplinary action under the University of Malaya rules.","Plagiarism checking and originality expectations in academic projects at the Faculty of Computer Science and Information Technology, Universiti Malaya, are enforced through standard academic integrity practices. These include the use of plagiarism detection tools, adherence to citation guidelines, and institutional policies on original work. Exact procedures may vary, and students are advised to consult official faculty guidelines or academic regulations for detailed information.","0","0.3182","0.1364","false","false","false","63","4162","fail_low_f1",""
"exact_17","exact_sft","qa_000387","app_no_rag","What policy links, regulations, or university rule documents are referenced for undergraduate students?","The undergraduate rules section refers students to the University of Malaya Bachelor's Degree rules and regulations, together with related university policy and administrative references.","The specific policy links, regulations, or university rule documents referenced for undergraduate students at the Faculty of Computer Science and Information Technology, Universiti Malaya, are not provided in the available evidence. For exact official information, please consult the university's official resources or contact the faculty directly.","0","0.3333","0.1944","false","false","false","47","3748","fail_low_f1",""
"exact_18","exact_sft","qa_000170","app_no_rag","What facilities and research focus are described for the Robotedge AI Robotic Lab?","The Robotedge AI Robotic Lab, previously known as the Natural Language Processing Lab, is equipped for AI robotics research and development, especially in environmental, home services, and search-and-rescue areas.","The exact facilities and research focus of the Robotedge AI Robotic Lab are not provided in the available information. For the most accurate and detailed description, please refer to official university resources or contact the Faculty of Computer Science and Information Technology directly.","0","0.3243","0.2432","false","false","false","43","3890","fail_low_f1",""
"exact_19","exact_sft","qa_000381","app_no_rag","What dress expectations are illustrated for official events?","For official events, the poster illustrates formal attire, including suit-style clothing and traditional formal wear, to convey a neat and official appearance appropriate for formal university occasions.","The Faculty of Computer Science and Information Technology handbook does not provide specific details on dress expectations for official events. For the most accurate and up-to-date information, please consult the faculty office directly.","0","0.254","0.1905","true","false","false","35","4146","fail_low_f1",""
"exact_20","exact_sft","qa_000862","app_no_rag","Hey, is Bachelor of Computer Science (Artificial Intelligence) listed among the undergraduate programmes offered by the faculty?","Yes. Bachelor of Computer Science (Artificial Intelligence) is listed among the faculty's six undergraduate programmes.","The Bachelor of Computer Science (Artificial Intelligence) program is not confirmed to be listed in the current available records. For the most accurate and up-to-date information, please consult the official Faculty of Computer Science and Information Technology website or contact their admissions office directly.","0","0.3226","0.3226","false","false","false","46","4729","fail_low_f1",""
"exact_21","exact_sft","qa_000658","app_no_rag","Real quick, what facilities and student access are described for Micro Lab 4 (MM4)?","Micro Lab 4 (MM4) has 60 computer units connected to Windows Active Directory servers and the Internet, and it is open to undergraduate and postgraduate students.","The exact facilities and student access details for Micro Lab 4 (MM4) are not specified in the available information. For precise details, please consult the official faculty resources or contact the relevant department directly.","0","0.2","0.1667","false","false","false","34","3978","fail_low_f1",""
"exact_22","exact_sft","qa_000472","app_no_rag","Could you list the programme goals, objectives, or learning outcomes for Master of Artificial Intelligence?","The programme educational objectives focus on applying artificial intelligence techniques both theoretically and practically, contributing AI skills to sustainable development and societal well-being, and demonstrating professional attitudes and ethics in producing science and technology solutions. The learning outcomes emphasise mastery of AI knowledge, recommending innovative AI solutions, evaluating AI tools for usability and effectiveness, communicating and presenting technical materials, using tools and techniques to design and validate AI-related knowledge, leadership and teamwork, lifelong learning with an entrepreneurial mindset, and professional ethics in research and service.","The specific programme goals, objectives, or learning outcomes for the Master of Artificial Intelligence at the Faculty of Computer Science and Information Technology, Universiti Malaya, are not currently accessible through the provided constraints. For exact official details, please refer directly to the university’s official documentation or contact their admissions office.","0","0.2029","0.1594","false","false","false","51","5041","fail_low_f1",""
"exact_23","exact_sft","qa_000962","app_no_rag","Could you tell me what deliverables are required for Academic Project I besides the written report?","Besides the written report, Academic Project I requires project-progress documentation and submission materials through the ilmiah system for monitoring, including items such as the progress logbook and presentation materials when required by the process.","The exact deliverables for Academic Project I, beyond the written report, are not specified in the available information. For precise requirements, please consult the official Faculty of Computer Science and Information Technology handbook or contact the relevant department directly.","0","0.2973","0.2432","false","false","false","39","4216","fail_low_f1",""
"exact_24","exact_sft","qa_000955","app_no_rag","Real quick, what implementation, development, or completion requirements apply in Academic Project II?","Academic Project II focuses on implementation and completion. The report extends Academic Project I by including detailed system analysis and design, system development, results and discussion, strengths, limitations and future work, together with the completed report structure such as abstract, introduction, references, appendices, and acknowledgment.","The specific implementation, development, or completion requirements for Academic Project II at Universiti Malaya's Faculty of Computer Science and Information Technology are not provided in the available evidence. For accurate and detailed information, please consult the official faculty handbook or contact the relevant department directly.","0","0.2418","0.1538","false","false","false","46","3686","fail_low_f1",""
"exact_25","exact_sft","qa_000105","app_no_rag","What is the process flow for Academic Project II?","The handbook presents Academic Project as a staged process covering topic or title approval, supervision, progress monitoring, submission through the ilmiah system, viva or evaluation sessions, and final report completion across Academic Project I and Academic Project II.","The exact process flow for Academic Project II at the Faculty of Computer Science and Information Technology, Universiti Malaya, is not available in the provided evidence. For precise details, please consult the official faculty handbook or contact the relevant department directly.","0","0.2278","0.1266","false","false","false","41","5140","fail_low_f1",""
"paraphrase_01","paraphrase","qa_000938","app_no_rag","Please explain this handbook question: Could you tell me what leave, absence, or emergency procedures are described during industrial training?","Leave taken during Industrial Training usually has to be replaced unless the company states that replacement is not possible. Approved sick leave does not need to be replaced, but the medical certificate and the company supervisor's approval must be included in the logbook.","The specific procedures for leave, absence, or emergency situations during industrial training are not detailed in the available evidence. For exact guidelines, please consult the official Faculty of Computer Science and Information Technology handbook or contact the faculty’s administrative office directly for accurate information.","0","0.2697","0.2022","false","false","false","45","4490","fail_low_f1",""
"paraphrase_02","paraphrase","qa_000744","app_no_rag","In simple terms, could you tell me what graduate capabilities or professional strengths does Master of Software Engineering (Software Technology) aim to develop?","The programme is designed to develop advanced software engineering knowledge, strong real-world problem-solving ability, capability in designing, building, verifying, validating, and managing quality software systems, mathematical and analytical competence across the software development life cycle, teamwork and communication skills, leadership, innovation, and professional ethics.","The Master of Software Engineering (Software Technology) program typically aims to develop technical expertise in software design, system architecture, and emerging technologies, alongside problem-solving, innovation, and ethical practices. It emphasizes professional strengths such as leadership in tech projects, adaptability to industry trends, and collaboration in multidisciplinary teams. For exact program details, consult the official Faculty of Computer Science and Information Technology handbook.","0","0.3303","0.1835","false","false","false","63","6183","fail_low_f1",""
"paraphrase_03","paraphrase","qa_000747","app_no_rag","For a student, could you tell me what academic or administrative conditions are highlighted under candidature requirements for Master of Software Engineering (Software Technology)?","The candidature requirements include Fulfil the minimum candidature duration of 4 semesters.; Fulfil the University language requirement (Bahasa Malaysia and English) not later than the second (2nd) semester of candidature.; Fulfil the residential requirement of 6 months.; Proposal Defence at the beginning of the research component registration.; Present research progress in a Candidature Defence session as required by the Faculty.","The candidature requirements for the Master of Software Engineering (Software Technology) typically include academic and administrative conditions such as: 1. **Academic Qualifications**: A relevant bachelor’s degree (or equivalent) with a minimum GPA/grade point requirement. 2. **Language Proficiency**: Proof of English proficiency (e.g., TOEFL, IELTS) for non-native speakers. 3. **Statement of Purpose**: A clear academic or professional rationale for pursuing the program. 4. **Recommendations**: Letters of recommendation from academic or professional referees. 5. **Work Experience**: Some programs may require relevant work experience, though this varies. Exact details are not available in the provided evidence. For official requirements, consult the Faculty of Computer Science and Information Technology’s website or contact their admissions office directly.","0","0.2599","0.1469","false","false","false","117","6733","fail_low_f1",""
"paraphrase_04","paraphrase","qa_000004","app_no_rag","Could you summarize this: What is the academic calendar for master and doctorate level in session 2025/2026?","The 2025/2026 master and doctorate academic calendar with Semester I, Semester II, and a special semester, covering orientation, lecture periods, mid-semester breaks, revision weeks, final examinations, and semester breaks. Semester I: Orientation (WOW) 05.10.2025-12.10.2025; lectures 13.10.2025-23.11.2025 and 01.12.2025-25.01.2026; mid-semester break 24.11.2025-30.11.2025; revision week 26.01.2026-01.02.2026; final examination 02.02.2026-22.02.2026; semester break 23.02.2026-08.03.2026. Semester II: lectures 09.03.2026-26.04.2026 and 04.05.2026-21.06.2026; break 27.04.2026-03.05.2026; revision week 22.06.2026-28.06.2026; final examination 29.06.2026-19.07.2026; semester break 20.07.2026-16.08.2026. Special semester: lectures 27.07.2026-13.09.2026; final examination 14.09.2026-20.09.2026; break 21.09.2026-28.09.2026. Public holidays listed include Deepavali, Christmas, New Year, Thaipusam, Federal Territory Day, Chinese New Year, Nuzul Al-Quran, Eidul Fitri, Labour Day, Eidul Adha, Wesak Day, His Majesty the King's Birthday, Awal Muharram, Prophet Muhammad's Birthday, National Day, and Malaysia Day. The notes state that the module registration and examination schedule can be referred to in the UM system guide, the calendar is subject to change, and UM PG iFest 2026 is scheduled for 09-11 June 2026.","The academic calendar for master's and doctorate levels for the 2025/2026 session is not accessible through the current system. For precise details, please consult the official Faculty of Computer Science and Information Technology handbook or contact the university's academic office directly.","0","0.1272","0.0707","false","false","false","44","4842","fail_low_f1",""
"paraphrase_05","paraphrase","qa_000916","app_no_rag","What should I know about this handbook topic: Hey, what elective focus areas are represented under specialization elective courses - computer system and network?","The specialization elective section is intended to show the elective pool available for that track. Students should use it as a selection list of approved elective options, checking the course code, title, credits, and semester/level planning shown in the curriculum table before choosing courses.","The exact elective focus areas under the specialization in computer systems and networks are not specified in the available information. For precise details, please refer to the official Faculty of Computer Science and Information Technology handbook or consult with your academic advisor.","0","0.2759","0.1609","false","false","false","42","2671","fail_low_f1",""
"paraphrase_06","paraphrase","qa_000165","app_no_rag","Please explain this handbook question: What is stated about the VLSI Research Lab and its access conditions?","The VLSI Research Lab is located on the second floor of Block B as an open-concept lab restricted to students from a specific field. All students can use its space and facilities with permission.","The handbook does not provide specific information about the VLSI Research Lab or its access conditions. For detailed guidelines, please consult official faculty resources or contact the Faculty of Computer Science and Information Technology directly.","0","0.2571","0.2","true","false","false","35","3944","fail_low_f1",""
"paraphrase_07","paraphrase","qa_000453","app_no_rag","In simple terms, real quick, what courses and course contents are listed for Master of Software Engineering (Software Technology)?","The listed core courses are WOX7001 Research Methodology, WOC7004 Architecting Software Systems, WOC7014 Framework Based Software Design and Development, WOC7015 Software Verification and Validation, WOC7016 Software Project Management, and dissertation components. The elective list includes WOC7017 Big Data Processing, WOC7018 Requirements Engineering, WOC7019 User Experience Design Studio, WOC7020 Advanced Internet of Things, WOA7015 Advanced Machine Learning, and WOA7017 Security Risk Analysis and Evaluation. The handbook also includes important dissertation rules on eligibility, repeat registration until completion, and supervisor appointment.","The Master of Software Engineering (Software Technology) program at Universiti Malaya typically includes courses such as software design, programming languages, database systems, software testing, and emerging technologies like AI or cloud computing. However, exact course contents and structures are not available in the current context. For precise information, consult the official Faculty of Computer Science and Information Technology handbook or contact their admissions office.","0","0.2517","0.1538","false","false","false","64","5729","fail_low_f1",""
"paraphrase_08","paraphrase","qa_000939","app_no_rag","For a student, could you explain how are placements approved or verified by the faculty before industrial training begins?","Before training begins, students must attend the required briefing and preparatory workshops, choose one placement, obtain an offer letter that states the training dates, general tasks, and department placement, email that offer letter to the Industrial Training Department Coordinator for approval, and register the internship placement in Maya and the career portal with the required documents.","The Faculty of Computer Science and Information Technology at Universiti Malaya verifies placements through internal guidelines, which typically involve assessing the suitability of the industrial training organization, ensuring alignment with academic objectives, and confirming compliance with university and departmental policies. Exact procedures are not specified here, as official documentation is unavailable. Students are advised to consult their faculty for detailed requirements.","0","0.2051","0.1368","false","false","false","61","6655","fail_low_f1",""
"paraphrase_09","paraphrase","qa_001006","app_no_rag","Could you summarize this: So basically, how can students interpret their results using the official university grading scheme?","Students interpret their results by referring to the official grading table, which links the marks obtained to a grade, a grade point, and the corresponding academic interpretation.","Students can interpret their results by referring to the official grading scheme, which typically defines grade categories (e.g., A, B, C) with corresponding percentage ranges and grade points. Each institution may have specific variations, so students should consult their faculty’s official handbook or contact the relevant department for precise details. Without access to the exact university grading scheme, this summary reflects general academic practices.","0","0.4301","0.3441","false","false","false","66","4643","fail_low_f1",""
"paraphrase_10","paraphrase","qa_000963","app_no_rag","What should I know about this handbook topic: Could you tell me what deliverables are required for Academic Project II besides the written report?","Besides the written report, Academic Project II requires project-progress documentation and submission materials through the ilmiah system for viva and final assessment, including items such as the progress logbook, presentation materials, and other required project submissions.","The official handbook details for Academic Project II deliverables are not accessible here. Common examples of deliverables (not guaranteed to be official) may include a project proposal, progress reports, prototype/demo, and a presentation. For precise requirements, consult your department’s guidelines or academic advisor directly.","0","0.2169","0.1928","false","false","false","46","5245","fail_low_f1",""
"paraphrase_11","paraphrase","qa_000664","app_no_rag","Please explain this handbook question: Quick one: which teaching labs mention Windows Active Directory, Windows 10, or direct Internet access?","MM1, MM2, MM3, MM4, MM6, and the Postgraduate Lab are connected to Windows Active Directory servers and the Internet, while Stroustrup Lab 1 and Stroustrup Lab 2 are described as Internet-connected labs. Windows 10 is specifically mentioned for MM1, MM2, MM6, and Stroustrup Lab 1.","The exact official evidence regarding specific teaching labs and their configurations (e.g., Windows Active Directory, Windows 10, or direct Internet access) is unavailable. This answer is based on the model only. For precise information, consult the official Faculty of Computer Science and Information Technology handbook or contact the university's IT department directly.","0","0.26","0.18","false","false","false","54","6958","fail_low_f1",""
"paraphrase_12","paraphrase","qa_000795","app_no_rag","In simple terms, could you tell me what admission background or entry qualifications are described for Master of Computer Science (By Research)?","The handbook describes the admission background and entry qualifications for the programme, focusing on the applicant's prior computing-related academic preparation and the faculty's programme admission criteria.","The Master of Computer Science (By Research) typically requires a relevant bachelor’s degree (or equivalent) with a strong academic record, proficiency in English, and a research proposal aligned with the faculty's expertise. Exact entry qualifications may vary, and official details should be confirmed directly with Universiti Malaya’s Faculty of Computer Science and Information Technology.","0","0.2326","0.1628","false","false","false","57","4758","fail_low_f1",""
"paraphrase_13","paraphrase","qa_000907","app_no_rag","For a student, quick one: what's the role of university courses within the shared undergraduate curriculum?","Within the shared undergraduate curriculum, the university courses provide common institutional and general-education requirements that all students complete alongside faculty and programme-specific courses.","University courses within the shared undergraduate curriculum provide foundational knowledge and transferable skills essential for all students, ensuring a common academic base before specializing. These courses typically cover core subjects like mathematics, programming fundamentals, and interdisciplinary topics, fostering collaboration and a broad understanding of computer science and information technology. For exact details, consult official faculty resources.","0","0.3704","0.2469","false","false","false","56","4474","fail_low_f1",""
"paraphrase_14","paraphrase","qa_000694","app_no_rag","Could you summarize this: Ngl, how is Internet access in the faculty building described for students?","Wi-Fi Internet access is provided to students on every floor in each building, and students must follow the rules and regulations for using these facilities.","The specific details about Internet access in the Faculty of Computer Science and Information Technology building are not available in the provided sources. For accurate information, please consult the official faculty handbook or contact the faculty's administrative office directly.","0","0.2424","0.1818","false","false","false","40","5500","fail_low_f1",""
"paraphrase_15","paraphrase","qa_000218","app_no_rag","What should I know about this handbook topic: What academic or administrative conditions are highlighted under candidature requirements for Master of Software Engineering (Software Technology)?","The candidature requirements include Fulfil the minimum candidature duration of 4 semesters.; Fulfil the University language requirement (Bahasa Malaysia and English) not later than the second (2nd) semester of candidature.; Fulfil the residential requirement of 6 months.; Proposal Defence at the beginning of the research component registration.; Present research progress in a Candidature Defence session as required by the Faculty.","The exact academic or administrative conditions for candidature in the Master of Software Engineering (Software Technology) program are not available in the provided evidence. For official details, refer directly to the Faculty of Computer Science and Information Technology's handbook or contact their administrative office.","0","0.2095","0.1524","false","false","false","45","4796","fail_low_f1",""
"paraphrase_16","paraphrase","qa_000371","app_no_rag","Please explain this handbook question: How are plagiarism checking and originality expectations enforced in the academic project?","Students are expected to produce original work and that plagiarism in the academic project may result in disciplinary action under the University of Malaya rules.","The Faculty of Computer Science and Information Technology, Universiti Malaya, enforces plagiarism checking and originality expectations through standard academic integrity protocols, including the use of plagiarism detection software and adherence to citation guidelines. Specific enforcement details are not available in the current context and should be confirmed directly with the faculty's official guidelines or academic authorities.","0","0.2439","0.122","false","false","false","57","4379","fail_low_f1",""
"paraphrase_17","paraphrase","qa_000387","app_no_rag","In simple terms, what policy links, regulations, or university rule documents are referenced for undergraduate students?","The undergraduate rules section refers students to the University of Malaya Bachelor's Degree rules and regulations, together with related university policy and administrative references.","The specific policy links, regulations, or university rule documents for undergraduate students at Universiti Malaya's Faculty of Computer Science and Information Technology are not accessible here. For accurate information, refer to the official Universiti Malaya Student Handbook or contact the Faculty's administrative office directly. Always verify details with official sources.","0","0.3636","0.2078","false","false","false","52","5504","fail_low_f1",""
"paraphrase_18","paraphrase","qa_000170","app_no_rag","For a student, what facilities and research focus are described for the Robotedge AI Robotic Lab?","The Robotedge AI Robotic Lab, previously known as the Natural Language Processing Lab, is equipped for AI robotics research and development, especially in environmental, home services, and search-and-rescue areas.","The Robotedge AI Robotic Lab's facilities and research focus are not explicitly detailed in the available official sources. For precise information, please consult the latest faculty handbook or contact the department directly.","0","0.3125","0.2188","false","false","false","33","4091","fail_low_f1",""
"paraphrase_19","paraphrase","qa_000381","app_no_rag","Could you summarize this: What dress expectations are illustrated for official events?","For official events, the poster illustrates formal attire, including suit-style clothing and traditional formal wear, to convey a neat and official appearance appropriate for formal university occasions.","For official events, formal attire such as suits, dresses, or business attire is typically expected. However, this is a general guideline and not based on specific official faculty guidelines. For exact requirements, consult the faculty’s official communication or event protocols.","0","0.2899","0.2609","false","false","false","41","5345","fail_low_f1",""
"paraphrase_20","paraphrase","qa_000862","app_no_rag","What should I know about this handbook topic: Hey, is Bachelor of Computer Science (Artificial Intelligence) listed among the undergraduate programmes offered by the faculty?","Yes. Bachelor of Computer Science (Artificial Intelligence) is listed among the faculty's six undergraduate programmes.","The Bachelor of Computer Science (Artificial Intelligence) program is not currently listed in the available official records. For the most accurate and up-to-date information, please consult the official Faculty of Computer Science and Information Technology handbook or contact the university directly.","0","0.339","0.339","false","false","false","43","4589","fail_low_f1",""
"paraphrase_21","paraphrase","qa_000658","app_no_rag","Please explain this handbook question: Real quick, what facilities and student access are described for Micro Lab 4 (MM4)?","Micro Lab 4 (MM4) has 60 computer units connected to Windows Active Directory servers and the Internet, and it is open to undergraduate and postgraduate students.","The specific facilities and student access details for Micro Lab 4 (MM4) are not currently available in the provided evidence. For accurate information, please consult the official faculty handbook or contact the relevant department directly.","0","0.1967","0.1639","false","false","false","35","4424","fail_low_f1",""
"paraphrase_22","paraphrase","qa_000472","app_no_rag","In simple terms, could you list the programme goals, objectives, or learning outcomes for Master of Artificial Intelligence?","The programme educational objectives focus on applying artificial intelligence techniques both theoretically and practically, contributing AI skills to sustainable development and societal well-being, and demonstrating professional attitudes and ethics in producing science and technology solutions. The learning outcomes emphasise mastery of AI knowledge, recommending innovative AI solutions, evaluating AI tools for usability and effectiveness, communicating and presenting technical materials, using tools and techniques to design and validate AI-related knowledge, leadership and teamwork, lifelong learning with an entrepreneurial mindset, and professional ethics in research and service.","The specific programme goals, objectives, or learning outcomes for the Master of Artificial Intelligence at Universiti Malaya’s Faculty of Computer Science and Information Technology are not provided in the available evidence. For exact details, please refer to the official university programme documentation or contact the faculty directly.","0","0.2222","0.163","false","false","false","48","3815","fail_low_f1",""
"paraphrase_23","paraphrase","qa_000962","app_no_rag","For a student, could you tell me what deliverables are required for Academic Project I besides the written report?","Besides the written report, Academic Project I requires project-progress documentation and submission materials through the ilmiah system for monitoring, including items such as the progress logbook and presentation materials when required by the process.","The deliverables for Academic Project I, besides the written report, may include a project proposal, progress reports, a final presentation, and a working prototype or software code, depending on the specific course guidelines. For exact requirements, consult your department's official guidelines or academic advisors, as details may vary.","0","0.3571","0.2381","false","false","false","49","3722","fail_low_f1",""
"paraphrase_24","paraphrase","qa_000955","app_no_rag","Could you summarize this: Real quick, what implementation, development, or completion requirements apply in Academic Project II?","Academic Project II focuses on implementation and completion. The report extends Academic Project I by including detailed system analysis and design, system development, results and discussion, strengths, limitations and future work, together with the completed report structure such as abstract, introduction, references, appendices, and acknowledgment.","The requirements for Academic Project II typically include submitting a project proposal, completing development or implementation tasks as outlined in the syllabus, maintaining documentation, and presenting the final output for evaluation. However, this is a general model answer, and exact details must be confirmed with the Faculty of Computer Science and Information Technology's official guidelines.","0","0.2574","0.198","false","false","false","56","5153","fail_low_f1",""
"paraphrase_25","paraphrase","qa_000105","app_no_rag","What should I know about this handbook topic: What is the process flow for Academic Project II?","The handbook presents Academic Project as a staged process covering topic or title approval, supervision, progress monitoring, submission through the ilmiah system, viva or evaluation sessions, and final report completion across Academic Project I and Academic Project II.","The process flow for Academic Project II typically involves selecting a topic, submitting a proposal, conducting research or development, documenting findings, and presenting results. Exact steps may vary, and you should consult the official faculty handbook or contact your department for precise guidelines. This response is based on general academic project structures and does not reference specific official documentation.","0","0.3093","0.2268","false","false","false","59","5241","fail_low_f1",""
"unsupported_01","unsupported","","app_no_rag","What is the weather in Kuala Lumpur today?","The handbook does not provide enough supported information to answer this question.","I cannot provide real-time weather information. For the latest weather updates, please check a reliable weather service or app.","0","0","0","true","false","false","20","2543","unsupported_refusal",""
"unsupported_02","unsupported","","app_no_rag","Who won the latest FIFA World Cup final?","The handbook does not provide enough supported information to answer this question.","The latest FIFA World Cup final as of my knowledge cutoff in 2023 was won by Argentina, who defeated France in a penalty shootout after a 3-3 draw in regular time during the 2022 tournament. For the most current information, please consult official FIFA sources.","0","0","0","false","false","false","46","4844","unsupported_answered",""
"unsupported_03","unsupported","","app_no_rag","Can you recommend the best laptop to buy this week?","The handbook does not provide enough supported information to answer this question.","I cannot provide real-time recommendations for the ""best"" laptop this week, as I don’t have access to current market data or product updates. For the most accurate advice, check recent reviews on trusted tech platforms (e.g., TechRadar, CNET) and consider your specific needs (budget, performance, portability). Let me know if you’d like guidance on features to prioritize!","0","0","0","true","false","false","61","3570","unsupported_refusal",""
"unsupported_04","unsupported","","app_no_rag","What is the current Bitcoin price?","The handbook does not provide enough supported information to answer this question.","I cannot provide real-time data or current Bitcoin prices. For the latest information, please check a reliable financial news website or cryptocurrency tracking platform.","0","0","0","true","false","false","25","2998","unsupported_refusal",""
"unsupported_05","unsupported","","app_no_rag","Write me a Python script to scrape private student records.","The handbook does not provide enough supported information to answer this question.","I cannot provide a Python script for scraping private student records. Such actions may violate privacy policies, ethical guidelines, and legal regulations. For official guidance on student records, consult the Universiti Malaya Faculty of Computer Science and Information Technology's official resources or contact their administrative office directly.","0","0","0","true","false","false","48","4233","unsupported_refusal",""
"unsupported_06","unsupported","","app_no_rag","What is the cafeteria menu for tomorrow?","The handbook does not provide enough supported information to answer this question.","I cannot provide the cafeteria menu for tomorrow as this information is not accessible through the current system. Please check with the university's official cafeteria resources for the most accurate and up-to-date details.","0","0","0","true","false","false","36","3351","unsupported_refusal",""
"unsupported_07","unsupported","","app_no_rag","Which lecturer is free right now for consultation?","The handbook does not provide enough supported information to answer this question.","I cannot provide real-time information on lecturers' availability. For consultation schedules, please check the official Faculty of Computer Science and Information Technology consultation system or contact the department directly for the most accurate details.","0","0","0","true","false","false","35","2998","unsupported_refusal",""
"unsupported_08","unsupported","","app_no_rag","What is my current CGPA?","The handbook does not provide enough supported information to answer this question.","I cannot provide your current CGPA as this requires access to official academic records, which I am not authorized to retrieve. Please consult your faculty's academic office or the university's student portal for accurate information.","0","0","0","true","false","false","37","2791","unsupported_refusal",""
"unsupported_09","unsupported","","app_no_rag","Can you guarantee my admission if I apply today?","The handbook does not provide enough supported information to answer this question.","Admission decisions depend on meeting the minimum requirements, academic performance, and available quotas. I cannot guarantee admission as it is competitive and subject to official faculty policies. For precise details, refer to the official admission guidelines of the Faculty of Computer Science and Information Technology, Universiti Malaya.","0","0","0","false","false","false","47","5382","unsupported_answered",""
"unsupported_10","unsupported","","app_no_rag","What are the live traffic conditions around Universiti Malaya?","The handbook does not provide enough supported information to answer this question.","I cannot provide live traffic conditions as this requires real-time data access, which is not available through the current system. For traffic updates, please check a reliable traffic monitoring app or website.","0","0","0","true","false","false","33","3492","unsupported_refusal",""